{
    "drive_0_30": {
        "in_shape": [
            null,
            5
        ],
        "layers": [
            {
                "type": "dense",
                "activation": "tanh",
                "shape": [
                    null,
                    4
                ],
                "weights": [
                    [
                        [
                            -0.24161601066589355,
                            -0.5673331618309021,
                            -0.7543053030967712,
                            -0.6066343784332275
                        ],
                        [
                            -0.21325980126857758,
                            -0.24548199772834778,
                            -0.1358538419008255,
                            0.1561373919248581
                        ],
                        [
                            -0.060586340725421906,
                            -0.17205803096294403,
                            -0.49291467666625977,
                            0.27512070536613464
                        ],
                        [
                            0.00992464367300272,
                            -0.42022812366485596,
                            0.2570318877696991,
                            0.3962198793888092
                        ],
                        [
                            0.7237502932548523,
                            -0.6084648370742798,
                            0.48550236225128174,
                            -0.5901927351951599
                        ]
                    ],
                    [
                        0.0003277759242337197,
                        0.0009736213833093643,
                        0.0014040778623893857,
                        0.0014660656452178955
                    ]
                ]
            },
            {
                "type": "dense",
                "activation": "tanh",
                "shape": [
                    null,
                    4
                ],
                "weights": [
                    [
                        [
                            -0.3241841495037079,
                            -0.31469041109085083,
                            -0.2723630964756012,
                            -0.8174602389335632
                        ],
                        [
                            0.33436793088912964,
                            -0.4394506514072418,
                            0.7642431855201721,
                            0.6175111532211304
                        ],
                        [
                            -0.07117129862308502,
                            -0.5528311729431152,
                            0.30184847116470337,
                            0.06240777671337128
                        ],
                        [
                            0.4367632567882538,
                            -0.13413354754447937,
                            -0.1772620528936386,
                            0.8013795018196106
                        ]
                    ],
                    [
                        -8.019027882255614e-05,
                        -0.0009144976502284408,
                        0.00019506948592606932,
                        0.00045754254097118974
                    ]
                ]
            },
            {
                "type": "dense",
                "activation": "",
                "shape": [
                    null,
                    1
                ],
                "weights": [
                    [
                        [
                            0.6386904716491699
                        ],
                        [
                            0.15919920802116394
                        ],
                        [
                            -0.5682413578033447
                        ],
                        [
                            0.22954373061656952
                        ]
                    ],
                    [
                        -4.314579928177409e-05
                    ]
                ]
            }
        ]
    },
    "drive_5_30": {
        "in_shape": [
            null,
            5
        ],
        "layers": [
            {
                "type": "dense",
                "activation": "tanh",
                "shape": [
                    null,
                    4
                ],
                "weights": [
                    [
                        [
                            -0.10684923082590103,
                            -0.4104488492012024,
                            -0.6963708400726318,
                            -0.15098510682582855
                        ],
                        [
                            -0.12596578896045685,
                            -0.09538668394088745,
                            -0.22617824375629425,
                            -0.050530217587947845
                        ],
                        [
                            -0.1810210943222046,
                            -0.2694450914859772,
                            -0.3550620675086975,
                            -0.31576335430145264
                        ],
                        [
                            -0.14721746742725372,
                            0.24613144993782043,
                            0.1880139261484146,
                            -0.11495829373598099
                        ],
                        [
                            0.227621391415596,
                            -0.47822192311286926,
                            0.21070808172225952,
                            -0.21984678506851196
                        ]
                    ],
                    [
                        0.0002662762999534607,
                        0.0010521505028009415,
                        0.0014187040505930781,
                        0.0007384151685982943
                    ]
                ]
            },
            {
                "type": "dense",
                "activation": "tanh",
                "shape": [
                    null,
                    4
                ],
                "weights": [
                    [
                        [
                            -0.6705312728881836,
                            -0.7751879692077637,
                            0.686739981174469,
                            -0.18932472169399261
                        ],
                        [
                            0.5966232419013977,
                            -0.5969809889793396,
                            0.3241502046585083,
                            -0.7808999419212341
                        ],
                        [
                            -0.3544272184371948,
                            -0.01480338629335165,
                            -0.7654442191123962,
                            -0.5071127414703369
                        ],
                        [
                            0.6310890913009644,
                            -0.7011148929595947,
                            0.08481884747743607,
                            0.06763320416212082
                        ]
                    ],
                    [
                        0.00033317701308988035,
                        0.00023488888109568506,
                        -0.00010228949395241216,
                        -0.0005991340731270611
                    ]
                ]
            },
            {
                "type": "dense",
                "activation": "",
                "shape": [
                    null,
                    1
                ],
                "weights": [
                    [
                        [
                            0.8475791811943054
                        ],
                        [
                            0.6514729261398315
                        ],
                        [
                            0.31001827120780945
                        ],
                        [
                            -0.29323121905326843
                        ]
                    ],
                    [
                        -0.0003208753187209368
                    ]
                ]
            }
        ]
    },
    "drive_10_30": {
        "in_shape": [
            null,
            5
        ],
        "layers": [
            {
                "type": "dense",
                "activation": "tanh",
                "shape": [
                    null,
                    4
                ],
                "weights": [
                    [
                        [
                            -0.5624125599861145,
                            0.17154280841350555,
                            1.137803554534912,
                            -0.3905615508556366
                        ],
                        [
                            0.37188681960105896,
                            0.25833120942115784,
                            -0.11403583735227585,
                            0.2364709973335266
                        ],
                        [
                            -0.4581984877586365,
                            -0.7152299284934998,
                            -0.20559506118297577,
                            -0.004469569306820631
                        ],
                        [
                            0.24035227298736572,
                            0.10491369664669037,
                            -0.073379285633564,
                            0.17561465501785278
                        ],
                        [
                            -0.3254813849925995,
                            -0.5195288062095642,
                            -0.5006622672080994,
                            -0.7295102477073669
                        ]
                    ],
                    [
                        0.0010620246175676584,
                        -0.002396578434854746,
                        -0.0008854228653945029,
                        0.0006194398156367242
                    ]
                ]
            },
            {
                "type": "dense",
                "activation": "tanh",
                "shape": [
                    null,
                    4
                ],
                "weights": [
                    [
                        [
                            -0.5647194385528564,
                            -0.15737073123455048,
                            -0.33455801010131836,
                            0.02779676951467991
                        ],
                        [
                            -0.2959997355937958,
                            0.7663529515266418,
                            -0.8678986430168152,
                            -0.577372133731842
                        ],
                        [
                            -0.27176082134246826,
                            -0.03734329715371132,
                            -0.596976101398468,
                            0.9317845702171326
                        ],
                        [
                            0.4567827880382538,
                            0.3617866039276123,
                            -0.9230987429618835,
                            0.7269046306610107
                        ]
                    ],
                    [
                        -0.00010111868323292583,
                        0.0001875312882475555,
                        0.0025788950733840466,
                        -6.88660511514172e-05
                    ]
                ]
            },
            {
                "type": "dense",
                "activation": "",
                "shape": [
                    null,
                    1
                ],
                "weights": [
                    [
                        [
                            0.577755868434906
                        ],
                        [
                            1.0463876724243164
                        ],
                        [
                            0.15650595724582672
                        ],
                        [
                            0.8177977800369263
                        ]
                    ],
                    [
                        -0.0002675662108231336
                    ]
                ]
            }
        ]
    },
    "drive_15_30": {
        "in_shape": [
            null,
            5
        ],
        "layers": [
            {
                "type": "dense",
                "activation": "tanh",
                "shape": [
                    null,
                    4
                ],
                "weights": [
                    [
                        [
                            -0.18709751963615417,
                            -0.8792374730110168,
                            -0.49958857893943787,
                            -0.9672088027000427
                        ],
                        [
                            0.08013318479061127,
                            0.5133742690086365,
                            0.2285011112689972,
                            -0.09942743182182312
                        ],
                        [
                            0.547723650932312,
                            -0.017615731805562973,
                            -0.02480209805071354,
                            -0.025697670876979828
                        ],
                        [
                            -0.5786374807357788,
                            0.5664348602294922,
                            0.37312161922454834,
                            0.08431313931941986
                        ],
                        [
                            0.5672253370285034,
                            0.5256389379501343,
                            -0.4054225981235504,
                            0.15080231428146362
                        ]
                    ],
                    [
                        0.0018294652691110969,
                        0.00039960959111340344,
                        0.00025315300445072353,
                        0.00028121439390815794
                    ]
                ]
            },
            {
                "type": "dense",
                "activation": "tanh",
                "shape": [
                    null,
                    4
                ],
                "weights": [
                    [
                        [
                            -0.031674180179834366,
                            0.6232112646102905,
                            -0.0640130490064621,
                            0.023913810029625893
                        ],
                        [
                            0.07016139477491379,
                            0.19837385416030884,
                            -0.3495893180370331,
                            0.7512772083282471
                        ],
                        [
                            0.24068716168403625,
                            0.6883574724197388,
                            -0.597683310508728,
                            -0.7511494159698486
                        ],
                        [
                            -0.2247416079044342,
                            -0.6421512961387634,
                            0.5865964293479919,
                            0.1142445057630539
                        ]
                    ],
                    [
                        -0.0001574533962411806,
                        0.0002576640108600259,
                        0.0006498116999864578,
                        -0.00032519263913854957
                    ]
                ]
            },
            {
                "type": "dense",
                "activation": "",
                "shape": [
                    null,
                    1
                ],
                "weights": [
                    [
                        [
                            0.8758891224861145
                        ],
                        [
                            0.15465636551380157
                        ],
                        [
                            -0.2023925483226776
                        ],
                        [
                            -0.6482982635498047
                        ]
                    ],
                    [
                        -9.014977695187554e-05
                    ]
                ]
            }
        ]
    },
    "drive_20_30": {
        "in_shape": [
            null,
            5
        ],
        "layers": [
            {
                "type": "dense",
                "activation": "tanh",
                "shape": [
                    null,
                    4
                ],
                "weights": [
                    [
                        [
                            -0.23372884094715118,
                            -0.29252728819847107,
                            -0.8025638461112976,
                            0.22508305311203003
                        ],
                        [
                            0.27422773838043213,
                            0.0749342143535614,
                            0.08756275475025177,
                            0.23995456099510193
                        ],
                        [
                            -0.3524254560470581,
                            -0.12544113397598267,
                            0.553207278251648,
                            0.5425736904144287
                        ],
                        [
                            0.22882825136184692,
                            0.10600930452346802,
                            -0.264678031206131,
                            0.1432042419910431
                        ],
                        [
                            -1.2868698835372925,
                            -0.38240519165992737,
                            0.0010700162965804338,
                            -0.5656532049179077
                        ]
                    ],
                    [
                        0.0003416473336983472,
                        0.0013905444648116827,
                        -0.002481460338458419,
                        -0.0017720754258334637
                    ]
                ]
            },
            {
                "type": "dense",
                "activation": "tanh",
                "shape": [
                    null,
                    4
                ],
                "weights": [
                    [
                        [
                            -0.3698748052120209,
                            -0.572780430316925,
                            0.3030364513397217,
                            0.9388368129730225
                        ],
                        [
                            -0.3951810598373413,
                            -0.015453930012881756,
                            -0.10022569447755814,
                            -0.1214178130030632
                        ],
                        [
                            0.1198229044675827,
                            0.2648782730102539,
                            0.23621945083141327,
                            -0.8292655348777771
                        ],
                        [
                            -0.3417350947856903,
                            0.31067174673080444,
                            -0.9078423976898193,
                            1.1721107959747314
                        ]
                    ],
                    [
                        0.00035037018824368715,
                        -0.0022813286632299423,
                        -0.0003159405314363539,
                        -0.0013576271012425423
                    ]
                ]
            },
            {
                "type": "dense",
                "activation": "",
                "shape": [
                    null,
                    1
                ],
                "weights": [
                    [
                        [
                            -0.7513484954833984
                        ],
                        [
                            -0.05991135910153389
                        ],
                        [
                            -0.4656316936016083
                        ],
                        [
                            -0.1852777600288391
                        ]
                    ],
                    [
                        -0.00013481192581821233
                    ]
                ]
            }
        ]
    },
    "drive_25_30": {
        "in_shape": [
            null,
            5
        ],
        "layers": [
            {
                "type": "dense",
                "activation": "tanh",
                "shape": [
                    null,
                    4
                ],
                "weights": [
                    [
                        [
                            -0.19115152955055237,
                            0.5079231262207031,
                            0.19716285169124603,
                            -0.7820051312446594
                        ],
                        [
                            0.5054184794425964,
                            0.4413314461708069,
                            -0.07625630497932434,
                            0.00947583932429552
                        ],
                        [
                            0.44093817472457886,
                            0.3073951005935669,
                            -0.37902703881263733,
                            0.1936294287443161
                        ],
                        [
                            0.018593573942780495,
                            -0.3296692967414856,
                            0.058425821363925934,
                            -0.07039524614810944
                        ],
                        [
                            -0.3552473783493042,
                            -0.4848443269729614,
                            -1.0251221656799316,
                            -0.668140709400177
                        ]
                    ],
                    [
                        -0.0004483863012865186,
                        -0.0022946272511035204,
                        0.0005538687692023814,
                        7.657574315089732e-05
                    ]
                ]
            },
            {
                "type": "dense",
                "activation": "tanh",
                "shape": [
                    null,
                    4
                ],
                "weights": [
                    [
                        [
                            1.0503005981445312,
                            -0.06548221409320831,
                            -0.3747689723968506,
                            -0.00327153573743999
                        ],
                        [
                            -0.5717328190803528,
                            0.7012341022491455,
                            0.4743637442588806,
                            -0.21616128087043762
                        ],
                        [
                            0.2467259019613266,
                            0.35014966130256653,
                            0.3880268633365631,
                            -0.3924087584018707
                        ],
                        [
                            0.6283500790596008,
                            -0.3718843460083008,
                            -0.8613905310630798,
                            0.11774575710296631
                        ]
                    ],
                    [
                        0.000529323413502425,
                        0.00023900320229586214,
                        -0.00045335915638133883,
                        -2.1573088815785013e-05
                    ]
                ]
            },
            {
                "type": "dense",
                "activation": "",
                "shape": [
                    null,
                    1
                ],
                "weights": [
                    [
                        [
                            0.28874364495277405
                        ],
                        [
                            -0.45950815081596375
                        ],
                        [
                            0.7292154431343079
                        ],
                        [
                            -0.96512371301651
                        ]
                    ],
                    [
                        0.00014251493848860264
                    ]
                ]
            }
        ]
    },
    "drive_30_30": {
        "in_shape": [
            null,
            5
        ],
        "layers": [
            {
                "type": "dense",
                "activation": "tanh",
                "shape": [
                    null,
                    4
                ],
                "weights": [
                    [
                        [
                            -0.6819590926170349,
                            -0.020410526543855667,
                            -0.08640637248754501,
                            -0.7803373336791992
                        ],
                        [
                            -0.022098975256085396,
                            -0.4330579936504364,
                            -0.5731858611106873,
                            -0.2484833300113678
                        ],
                        [
                            -0.24183885753154755,
                            0.4148794412612915,
                            0.711690366268158,
                            -0.13951867818832397
                        ],
                        [
                            0.05695446953177452,
                            -0.4193098545074463,
                            -0.5530945658683777,
                            -0.21997667849063873
                        ],
                        [
                            -0.5321410298347473,
                            0.03298059105873108,
                            -0.6346392035484314,
                            -0.24688249826431274
                        ]
                    ],
                    [
                        0.0018616138258948922,
                        -0.0002880856045521796,
                        -0.00010405428474768996,
                        0.001164977322332561
                    ]
                ]
            },
            {
                "type": "dense",
                "activation": "tanh",
                "shape": [
                    null,
                    4
                ],
                "weights": [
                    [
                        [
                            -0.23648123443126678,
                            0.24248874187469482,
                            0.6023894548416138,
                            -0.632307231426239
                        ],
                        [
                            0.5407565832138062,
                            0.39590418338775635,
                            -0.8314048051834106,
                            0.04290414974093437
                        ],
                        [
                            -0.35477593541145325,
                            -0.2194201499223709,
                            0.47765877842903137,
                            0.1586667150259018
                        ],
                        [
                            -0.5238838195800781,
                            0.4546419382095337,
                            -0.13659381866455078,
                            0.5943223834037781
                        ]
                    ],
                    [
                        4.50883453595452e-05,
                        0.0003690003650262952,
                        0.0004019558837171644,
                        0.0002825431292876601
                    ]
                ]
            },
            {
                "type": "dense",
                "activation": "",
                "shape": [
                    null,
                    1
                ],
                "weights": [
                    [
                        [
                            0.2403409630060196
                        ],
                        [
                            -0.8079899549484253
                        ],
                        [
                            1.1981533765792847
                        ],
                        [
                            0.7469257712364197
                        ]
                    ],
                    [
                        -0.0003715576895046979
                    ]
                ]
            }
        ]
    },
    "drive_35_30": {
        "in_shape": [
            null,
            5
        ],
        "layers": [
            {
                "type": "dense",
                "activation": "tanh",
                "shape": [
                    null,
                    4
                ],
                "weights": [
                    [
                        [
                            0.3544992208480835,
                            -0.2999526560306549,
                            -0.4087509512901306,
                            0.3476908504962921
                        ],
                        [
                            0.2171241044998169,
                            0.21141256392002106,
                            -0.35432717204093933,
                            -0.53177809715271
                        ],
                        [
                            0.45463037490844727,
                            -0.1539110392332077,
                            1.0243775844573975,
                            -0.3831943869590759
                        ],
                        [
                            0.1460518091917038,
                            0.24602699279785156,
                            -0.2969913184642792,
                            -0.06184444576501846
                        ],
                        [
                            -0.11783380806446075,
                            -0.5816314816474915,
                            0.3177686929702759,
                            -0.2691147029399872
                        ]
                    ],
                    [
                        -0.0009027869091369212,
                        0.0004577383224386722,
                        -0.00015074691327754408,
                        -0.0032789940014481544
                    ]
                ]
            },
            {
                "type": "dense",
                "activation": "tanh",
                "shape": [
                    null,
                    4
                ],
                "weights": [
                    [
                        [
                            0.4797966480255127,
                            -0.14424851536750793,
                            -0.17096967995166779,
                            -0.49699437618255615
                        ],
                        [
                            0.7510790228843689,
                            -0.00974133238196373,
                            0.12687385082244873,
                            0.507449209690094
                        ],
                        [
                            0.4949324429035187,
                            -0.2047806680202484,
                            -0.3466915488243103,
                            0.32624563574790955
                        ],
                        [
                            0.2305692732334137,
                            -0.1862454116344452,
                            -0.49757957458496094,
                            -0.13288214802742004
                        ]
                    ],
                    [
                        0.0008372532320208848,
                        -0.0005392648745328188,
                        -0.0009309599990956485,
                        -0.0009119248134084046
                    ]
                ]
            },
            {
                "type": "dense",
                "activation": "",
                "shape": [
                    null,
                    1
                ],
                "weights": [
                    [
                        [
                            0.7853446006774902
                        ],
                        [
                            0.21726971864700317
                        ],
                        [
                            0.43770933151245117
                        ],
                        [
                            -0.19400936365127563
                        ]
                    ],
                    [
                        -0.00038344613858498633
                    ]
                ]
            }
        ]
    },
    "drive_40_30": {
        "in_shape": [
            null,
            5
        ],
        "layers": [
            {
                "type": "dense",
                "activation": "tanh",
                "shape": [
                    null,
                    4
                ],
                "weights": [
                    [
                        [
                            -0.1953258365392685,
                            -0.5937668681144714,
                            -0.1258186548948288,
                            -0.17150406539440155
                        ],
                        [
                            0.0862501934170723,
                            -0.629368007183075,
                            -0.29220595955848694,
                            -0.5602940917015076
                        ],
                        [
                            -0.44177019596099854,
                            0.7124045491218567,
                            -0.7721308469772339,
                            0.18807794153690338
                        ],
                        [
                            0.16709433495998383,
                            0.21866650879383087,
                            -0.22378213703632355,
                            0.11541502922773361
                        ],
                        [
                            -0.2219851315021515,
                            0.35790514945983887,
                            0.21455304324626923,
                            0.9324631094932556
                        ]
                    ],
                    [
                        0.001349530997686088,
                        -0.00014612019003834575,
                        0.0012755750212818384,
                        -0.00023447914281859994
                    ]
                ]
            },
            {
                "type": "dense",
                "activation": "tanh",
                "shape": [
                    null,
                    4
                ],
                "weights": [
                    [
                        [
                            0.16673998534679413,
                            0.19333519041538239,
                            -0.045983344316482544,
                            0.6118465065956116
                        ],
                        [
                            -0.687436580657959,
                            0.8263656497001648,
                            -0.09039527177810669,
                            0.8800510168075562
                        ],
                        [
                            0.08052167296409607,
                            0.08863185346126556,
                            -0.4046138525009155,
                            -0.4802915155887604
                        ],
                        [
                            0.8399034142494202,
                            -0.12774696946144104,
                            0.4553382694721222,
                            -0.6249136328697205
                        ]
                    ],
                    [
                        -0.00022320124844554812,
                        -0.0005927200545556843,
                        0.0010360238375142217,
                        -4.582805559039116e-05
                    ]
                ]
            },
            {
                "type": "dense",
                "activation": "",
                "shape": [
                    null,
                    1
                ],
                "weights": [
                    [
                        [
                            0.05091442912817001
                        ],
                        [
                            -0.4192075729370117
                        ],
                        [
                            0.07597172260284424
                        ],
                        [
                            0.6938316226005554
                        ]
                    ],
                    [
                        -0.00027238097391091287
                    ]
                ]
            }
        ]
    },
    "drive_45_30": {
        "in_shape": [
            null,
            5
        ],
        "layers": [
            {
                "type": "dense",
                "activation": "tanh",
                "shape": [
                    null,
                    4
                ],
                "weights": [
                    [
                        [
                            -1.1528950929641724,
                            0.6295965909957886,
                            0.2193855494260788,
                            0.12663905322551727
                        ],
                        [
                            0.1517808884382248,
                            0.38241907954216003,
                            0.29515746235847473,
                            -0.016882751137018204
                        ],
                        [
                            0.24921895563602448,
                            -0.0383320078253746,
                            -0.13596192002296448,
                            0.30415821075439453
                        ],
                        [
                            0.04948239028453827,
                            -0.6288164854049683,
                            -0.31643202900886536,
                            -0.13616813719272614
                        ],
                        [
                            0.8053292632102966,
                            0.5929297804832458,
                            0.4263244569301605,
                            0.788638710975647
                        ]
                    ],
                    [
                        0.00034097491879947484,
                        0.00021796765213366598,
                        -0.001345046330243349,
                        -0.00039277932955883443
                    ]
                ]
            },
            {
                "type": "dense",
                "activation": "tanh",
                "shape": [
                    null,
                    4
                ],
                "weights": [
                    [
                        [
                            -0.4199330508708954,
                            0.10024089366197586,
                            -0.5109582543373108,
                            -0.5926855206489563
                        ],
                        [
                            0.39571741223335266,
                            -0.46115440130233765,
                            0.5331836342811584,
                            0.0921122133731842
                        ],
                        [
                            0.7524414658546448,
                            0.2651776969432831,
                            -0.13001659512519836,
                            0.6200383305549622
                        ],
                        [
                            0.18892595171928406,
                            -0.5282890200614929,
                            -0.4984791874885559,
                            0.8299682140350342
                        ]
                    ],
                    [
                        0.0008143249433487654,
                        0.0005194591358304024,
                        -0.0017291633412241936,
                        0.0011842797975987196
                    ]
                ]
            },
            {
                "type": "dense",
                "activation": "",
                "shape": [
                    null,
                    1
                ],
                "weights": [
                    [
                        [
                            -0.324154257774353
                        ],
                        [
                            0.738884687423706
                        ],
                        [
                            0.6672357320785522
                        ],
                        [
                            0.5443272590637207
                        ]
                    ],
                    [
                        0.0007060913485474885
                    ]
                ]
            }
        ]
    },
    "drive_50_30": {
        "in_shape": [
            null,
            5
        ],
        "layers": [
            {
                "type": "dense",
                "activation": "tanh",
                "shape": [
                    null,
                    4
                ],
                "weights": [
                    [
                        [
                            0.9341604709625244,
                            -0.37647682428359985,
                            -0.47739672660827637,
                            -0.7107330560684204
                        ],
                        [
                            -0.021047493442893028,
                            0.3281521797180176,
                            0.1941191852092743,
                            -0.4725240170955658
                        ],
                        [
                            -0.07684972137212753,
                            -0.09686405956745148,
                            0.4000929296016693,
                            -0.3124198615550995
                        ],
                        [
                            0.13207624852657318,
                            0.2696060240268707,
                            0.11163942515850067,
                            -0.6989640593528748
                        ],
                        [
                            0.17431524395942688,
                            -0.4261459410190582,
                            -1.0500001907348633,
                            0.20301233232021332
                        ]
                    ],
                    [
                        -0.0016831847606226802,
                        0.0018844843143597245,
                        0.0015480563743039966,
                        0.0034153282176703215
                    ]
                ]
            },
            {
                "type": "dense",
                "activation": "tanh",
                "shape": [
                    null,
                    4
                ],
                "weights": [
                    [
                        [
                            -0.9831673502922058,
                            -0.2253974825143814,
                            -0.3259107768535614,
                            0.00300253601744771
                        ],
                        [
                            0.7703229188919067,
                            -0.2655640244483948,
                            0.6746780872344971,
                            0.8148245215415955
                        ],
                        [
                            0.041018370538949966,
                            0.3849298655986786,
                            0.7335030436515808,
                            -0.1726856827735901
                        ],
                        [
                            -0.42161959409713745,
                            0.391139954328537,
                            -0.033733006566762924,
                            -0.10586784034967422
                        ]
                    ],
                    [
                        0.0010989235015586019,
                        -0.0006983794737607241,
                        -0.0001676453248364851,
                        0.00025402684696018696
                    ]
                ]
            },
            {
                "type": "dense",
                "activation": "",
                "shape": [
                    null,
                    1
                ],
                "weights": [
                    [
                        [
                            -0.8567756414413452
                        ],
                        [
                            -0.3325512111186981
                        ],
                        [
                            0.9992837309837341
                        ],
                        [
                            0.08310572803020477
                        ]
                    ],
                    [
                        7.417028245981783e-05
                    ]
                ]
            }
        ]
    },
    "drive_55_30": {
        "in_shape": [
            null,
            5
        ],
        "layers": [
            {
                "type": "dense",
                "activation": "tanh",
                "shape": [
                    null,
                    4
                ],
                "weights": [
                    [
                        [
                            -0.972842276096344,
                            -0.5434576869010925,
                            -0.1755847930908203,
                            0.5188392996788025
                        ],
                        [
                            -0.11157557368278503,
                            0.34530994296073914,
                            0.13036726415157318,
                            -0.09455712884664536
                        ],
                        [
                            0.2412494570016861,
                            0.41008517146110535,
                            -0.019999461248517036,
                            0.053349874913692474
                        ],
                        [
                            0.03760996833443642,
                            0.02667979709804058,
                            0.13547870516777039,
                            0.07065131515264511
                        ],
                        [
                            -0.1223013773560524,
                            -0.49274197220802307,
                            -0.9977554082870483,
                            -0.16366443037986755
                        ]
                    ],
                    [
                        -0.002487817080691457,
                        0.0006388585898093879,
                        0.0008633072720840573,
                        -0.0016994751058518887
                    ]
                ]
            },
            {
                "type": "dense",
                "activation": "tanh",
                "shape": [
                    null,
                    4
                ],
                "weights": [
                    [
                        [
                            -0.486595094203949,
                            0.288191556930542,
                            -0.41923102736473083,
                            0.475930780172348
                        ],
                        [
                            -0.3745688498020172,
                            0.21275632083415985,
                            0.5513681173324585,
                            -0.5666500926017761
                        ],
                        [
                            -0.8859916925430298,
                            -0.7767148613929749,
                            0.057852935045957565,
                            -1.0140269994735718
                        ],
                        [
                            -0.7047163844108582,
                            0.4898892045021057,
                            0.9752479791641235,
                            -0.5395669937133789
                        ]
                    ],
                    [
                        0.000922617909964174,
                        -0.001285302685573697,
                        -2.0195726392557845e-05,
                        0.0012063616886734962
                    ]
                ]
            },
            {
                "type": "dense",
                "activation": "",
                "shape": [
                    null,
                    1
                ],
                "weights": [
                    [
                        [
                            -0.2874855101108551
                        ],
                        [
                            -0.3511753976345062
                        ],
                        [
                            0.4742305874824524
                        ],
                        [
                            0.19736969470977783
                        ]
                    ],
                    [
                        -0.0004366145294625312
                    ]
                ]
            }
        ]
    },
    "drive_60_30": {
        "in_shape": [
            null,
            5
        ],
        "layers": [
            {
                "type": "dense",
                "activation": "tanh",
                "shape": [
                    null,
                    4
                ],
                "weights": [
                    [
                        [
                            0.63178551197052,
                            -0.5946016907691956,
                            -0.20465277135372162,
                            0.5609049797058105
                        ],
                        [
                            -0.5983763933181763,
                            0.14843299984931946,
                            0.5646808743476868,
                            0.08354382961988449
                        ],
                        [
                            0.5064628720283508,
                            0.15268070995807648,
                            0.8012819886207581,
                            0.2223937213420868
                        ],
                        [
                            0.06768372654914856,
                            0.27805063128471375,
                            -0.2601972818374634,
                            0.06956591457128525
                        ],
                        [
                            0.5015444755554199,
                            -0.6410929560661316,
                            -0.5013221502304077,
                            -0.30002471804618835
                        ]
                    ],
                    [
                        -0.0020726320799440145,
                        0.0009810705669224262,
                        -0.0016586018027737737,
                        -0.0010781304445117712
                    ]
                ]
            },
            {
                "type": "dense",
                "activation": "tanh",
                "shape": [
                    null,
                    4
                ],
                "weights": [
                    [
                        [
                            0.1877734363079071,
                            0.5605753064155579,
                            0.14201781153678894,
                            0.41121941804885864
                        ],
                        [
                            -0.023297671228647232,
                            0.2239903062582016,
                            -0.5996095538139343,
                            -0.21784956753253937
                        ],
                        [
                            -0.07301145046949387,
                            -0.17687004804611206,
                            -0.42971527576446533,
                            -0.7927882075309753
                        ],
                        [
                            -0.4075064957141876,
                            0.4353620409965515,
                            0.023125112056732178,
                            -0.3491382598876953
                        ]
                    ],
                    [
                        0.00046926093637011945,
                        0.0020855360198765993,
                        0.0007309646462090313,
                        0.0006159618496894836
                    ]
                ]
            },
            {
                "type": "dense",
                "activation": "",
                "shape": [
                    null,
                    1
                ],
                "weights": [
                    [
                        [
                            -0.8132628798484802
                        ],
                        [
                            0.26739928126335144
                        ],
                        [
                            -0.6908650994300842
                        ],
                        [
                            0.3065614104270935
                        ]
                    ],
                    [
                        0.0002012835757341236
                    ]
                ]
            }
        ]
    },
    "drive_65_30": {
        "in_shape": [
            null,
            5
        ],
        "layers": [
            {
                "type": "dense",
                "activation": "tanh",
                "shape": [
                    null,
                    4
                ],
                "weights": [
                    [
                        [
                            0.6024966835975647,
                            0.29835015535354614,
                            -0.04329691454768181,
                            0.08323581516742706
                        ],
                        [
                            0.07049741595983505,
                            -0.14101363718509674,
                            -0.3280351161956787,
                            0.1627582460641861
                        ],
                        [
                            0.8532874584197998,
                            0.09626618027687073,
                            -0.6532672643661499,
                            0.21743926405906677
                        ],
                        [
                            0.17528259754180908,
                            -0.11987848579883575,
                            -0.26542946696281433,
                            0.14949682354927063
                        ],
                        [
                            -0.08375655114650726,
                            0.921251654624939,
                            0.7135474681854248,
                            -0.3111346960067749
                        ]
                    ],
                    [
                        -0.0008516994421370327,
                        -3.918297079508193e-05,
                        0.001179521786980331,
                        0.0021096037235111
                    ]
                ]
            },
            {
                "type": "dense",
                "activation": "tanh",
                "shape": [
                    null,
                    4
                ],
                "weights": [
                    [
                        [
                            -0.1167948842048645,
                            0.5025911331176758,
                            0.34447094798088074,
                            -0.08985551446676254
                        ],
                        [
                            0.543621301651001,
                            -0.4830566346645355,
                            -0.0726117342710495,
                            -0.7810177206993103
                        ],
                        [
                            0.834020733833313,
                            -0.6440863609313965,
                            0.4905146658420563,
                            0.6471931338310242
                        ],
                        [
                            -0.5881562232971191,
                            -0.3537970185279846,
                            -0.3096766769886017,
                            0.9682640433311462
                        ]
                    ],
                    [
                        0.0016651238547638059,
                        -0.000476872141007334,
                        -0.0005910564213991165,
                        -0.00015542014443781227
                    ]
                ]
            },
            {
                "type": "dense",
                "activation": "",
                "shape": [
                    null,
                    1
                ],
                "weights": [
                    [
                        [
                            0.23112183809280396
                        ],
                        [
                            0.5620445013046265
                        ],
                        [
                            -0.2880426049232483
                        ],
                        [
                            0.28045010566711426
                        ]
                    ],
                    [
                        -4.1657869587652385e-05
                    ]
                ]
            }
        ]
    },
    "drive_70_30": {
        "in_shape": [
            null,
            5
        ],
        "layers": [
            {
                "type": "dense",
                "activation": "tanh",
                "shape": [
                    null,
                    4
                ],
                "weights": [
                    [
                        [
                            0.38618963956832886,
                            -0.3218691945075989,
                            0.15725864470005035,
                            -0.12704156339168549
                        ],
                        [
                            -0.4010617733001709,
                            -0.5743427872657776,
                            0.12242498993873596,
                            -0.12468495219945908
                        ],
                        [
                            0.21399644017219543,
                            -0.48567095398902893,
                            0.23623870313167572,
                            0.4904975891113281
                        ],
                        [
                            0.26699310541152954,
                            0.49202752113342285,
                            0.16203023493289948,
                            0.21385563910007477
                        ],
                        [
                            -1.2070170640945435,
                            0.6944981813430786,
                            -0.5239253640174866,
                            0.49535906314849854
                        ]
                    ],
                    [
                        -0.0020492698531597853,
                        -0.0019110683351755142,
                        -0.00010167274012928829,
                        -0.0014158409321680665
                    ]
                ]
            },
            {
                "type": "dense",
                "activation": "tanh",
                "shape": [
                    null,
                    4
                ],
                "weights": [
                    [
                        [
                            -0.5356320738792419,
                            0.0031313467770814896,
                            -0.4557839035987854,
                            0.4887354373931885
                        ],
                        [
                            -0.19078761339187622,
                            -0.22769369184970856,
                            -0.3120865821838379,
                            -0.5953260660171509
                        ],
                        [
                            -0.5765994787216187,
                            0.2895616888999939,
                            0.09452489018440247,
                            0.7416430711746216
                        ],
                        [
                            -0.2165886014699936,
                            -0.15337005257606506,
                            0.6132386326789856,
                            0.7148400545120239
                        ]
                    ],
                    [
                        0.00033458389225415885,
                        -0.00027395752840675414,
                        -6.781082447560038e-06,
                        1.543228790978901e-05
                    ]
                ]
            },
            {
                "type": "dense",
                "activation": "",
                "shape": [
                    null,
                    1
                ],
                "weights": [
                    [
                        [
                            0.21913355588912964
                        ],
                        [
                            0.8589492440223694
                        ],
                        [
                            -0.9025849103927612
                        ],
                        [
                            0.3324303925037384
                        ]
                    ],
                    [
                        0.00012753439659718424
                    ]
                ]
            }
        ]
    },
    "drive_75_30": {
        "in_shape": [
            null,
            5
        ],
        "layers": [
            {
                "type": "dense",
                "activation": "tanh",
                "shape": [
                    null,
                    4
                ],
                "weights": [
                    [
                        [
                            -0.45092669129371643,
                            0.5166699290275574,
                            0.4711909592151642,
                            0.031035911291837692
                        ],
                        [
                            -0.007615290582180023,
                            0.5207859873771667,
                            0.6780853867530823,
                            -0.10324203968048096
                        ],
                        [
                            0.6962788105010986,
                            0.6818972229957581,
                            0.7977514863014221,
                            -0.8277813792228699
                        ],
                        [
                            0.01209765300154686,
                            0.2618253827095032,
                            0.2904609143733978,
                            0.33551090955734253
                        ],
                        [
                            1.1542292833328247,
                            -0.5259155035018921,
                            0.03570925071835518,
                            -1.1704950332641602
                        ]
                    ],
                    [
                        -0.001649282407015562,
                        -0.001905130920931697,
                        -0.002052554627880454,
                        0.005078826565295458
                    ]
                ]
            },
            {
                "type": "dense",
                "activation": "tanh",
                "shape": [
                    null,
                    4
                ],
                "weights": [
                    [
                        [
                            -0.4411002993583679,
                            0.810498058795929,
                            0.16653333604335785,
                            0.03396976366639137
                        ],
                        [
                            0.7621467709541321,
                            -0.4415931701660156,
                            0.372590571641922,
                            0.10735343396663666
                        ],
                        [
                            -0.3686171770095825,
                            -0.4442867040634155,
                            -0.09614961594343185,
                            -0.06271978467702866
                        ],
                        [
                            -0.4575924277305603,
                            -0.04601987823843956,
                            0.6364290118217468,
                            -0.24085919559001923
                        ]
                    ],
                    [
                        -0.0004491293802857399,
                        0.0011587378103286028,
                        0.001530991867184639,
                        0.00015736219938844442
                    ]
                ]
            },
            {
                "type": "dense",
                "activation": "",
                "shape": [
                    null,
                    1
                ],
                "weights": [
                    [
                        [
                            0.7360693216323853
                        ],
                        [
                            0.22857868671417236
                        ],
                        [
                            0.26717638969421387
                        ],
                        [
                            -0.7784979939460754
                        ]
                    ],
                    [
                        -0.00034248552401550114
                    ]
                ]
            }
        ]
    },
    "drive_80_30": {
        "in_shape": [
            null,
            5
        ],
        "layers": [
            {
                "type": "dense",
                "activation": "tanh",
                "shape": [
                    null,
                    4
                ],
                "weights": [
                    [
                        [
                            -0.8344470858573914,
                            -0.7636575102806091,
                            -0.3578750193119049,
                            -0.4829653203487396
                        ],
                        [
                            -0.5843390822410583,
                            -0.5614827275276184,
                            0.11496678739786148,
                            -0.02659149467945099
                        ],
                        [
                            -0.0987984910607338,
                            -0.11828631907701492,
                            -0.11198751628398895,
                            -0.21043086051940918
                        ],
                        [
                            -0.6075721383094788,
                            -0.5776547193527222,
                            0.11717560142278671,
                            -0.02219555526971817
                        ],
                        [
                            0.4661184251308441,
                            -0.0021574171259999275,
                            -0.47113165259361267,
                            0.7343173623085022
                        ]
                    ],
                    [
                        -8.873434126144275e-05,
                        -0.0006892378441989422,
                        0.0013143292162567377,
                        0.0017464130651205778
                    ]
                ]
            },
            {
                "type": "dense",
                "activation": "tanh",
                "shape": [
                    null,
                    4
                ],
                "weights": [
                    [
                        [
                            0.19446904957294464,
                            0.6612256169319153,
                            0.040822941809892654,
                            0.468221515417099
                        ],
                        [
                            -0.28932684659957886,
                            0.02613667957484722,
                            -0.04764125496149063,
                            -0.5383278727531433
                        ],
                        [
                            0.3607791066169739,
                            0.836144208908081,
                            -0.6268131732940674,
                            -0.20477530360221863
                        ],
                        [
                            -0.8445829153060913,
                            -0.7397935390472412,
                            0.4332389831542969,
                            0.0032410246785730124
                        ]
                    ],
                    [
                        0.0009548930102027953,
                        -0.001946968724951148,
                        0.0003162127104587853,
                        0.0001328907674178481
                    ]
                ]
            },
            {
                "type": "dense",
                "activation": "",
                "shape": [
                    null,
                    1
                ],
                "weights": [
                    [
                        [
                            0.007598644122481346
                        ],
                        [
                            0.04063624143600464
                        ],
                        [
                            -0.7481240034103394
                        ],
                        [
                            0.6032654643058777
                        ]
                    ],
                    [
                        0.00016173928452190012
                    ]
                ]
            }
        ]
    },
    "drive_85_30": {
        "in_shape": [
            null,
            5
        ],
        "layers": [
            {
                "type": "dense",
                "activation": "tanh",
                "shape": [
                    null,
                    4
                ],
                "weights": [
                    [
                        [
                            -0.2484862357378006,
                            0.742824137210846,
                            -0.682258665561676,
                            0.42062056064605713
                        ],
                        [
                            0.023324185982346535,
                            -0.33689209818840027,
                            -0.1404976099729538,
                            0.413137823343277
                        ],
                        [
                            0.15354202687740326,
                            -0.08242505043745041,
                            -0.09962640702724457,
                            0.5501988530158997
                        ],
                        [
                            -0.04332002252340317,
                            -0.2830967903137207,
                            0.020688366144895554,
                            0.13442252576351166
                        ],
                        [
                            0.862737774848938,
                            1.1919069290161133,
                            0.7024540901184082,
                            -0.5098860263824463
                        ]
                    ],
                    [
                        -0.000375915493350476,
                        -0.0033964719623327255,
                        0.002021603984758258,
                        -0.004336596466600895
                    ]
                ]
            },
            {
                "type": "dense",
                "activation": "tanh",
                "shape": [
                    null,
                    4
                ],
                "weights": [
                    [
                        [
                            -0.7461615800857544,
                            0.47854503989219666,
                            0.3826138377189636,
                            0.9787075519561768
                        ],
                        [
                            -0.2114228904247284,
                            0.4090918302536011,
                            0.4869450628757477,
                            -0.48531460762023926
                        ],
                        [
                            -0.24203455448150635,
                            0.5760666728019714,
                            -0.28561580181121826,
                            0.2824872136116028
                        ],
                        [
                            -0.04736287146806717,
                            0.7117076516151428,
                            -0.520256519317627,
                            -0.30954450368881226
                        ]
                    ],
                    [
                        3.622113581513986e-05,
                        0.00033046212047338486,
                        9.480933658778667e-05,
                        0.00029092462500557303
                    ]
                ]
            },
            {
                "type": "dense",
                "activation": "",
                "shape": [
                    null,
                    1
                ],
                "weights": [
                    [
                        [
                            -0.6291521191596985
                        ],
                        [
                            -0.56943279504776
                        ],
                        [
                            -0.3367597162723541
                        ],
                        [
                            -0.44598275423049927
                        ]
                    ],
                    [
                        0.00022354067186824977
                    ]
                ]
            }
        ]
    },
    "drive_90_30": {
        "in_shape": [
            null,
            5
        ],
        "layers": [
            {
                "type": "dense",
                "activation": "tanh",
                "shape": [
                    null,
                    4
                ],
                "weights": [
                    [
                        [
                            -0.20334427058696747,
                            0.06763803213834763,
                            0.374192476272583,
                            -0.0011935342336073518
                        ],
                        [
                            0.1327490508556366,
                            -0.07874155789613724,
                            -0.08157669007778168,
                            -0.3381565511226654
                        ],
                        [
                            0.7614842653274536,
                            0.3458927571773529,
                            0.2772645354270935,
                            -0.7862030863761902
                        ],
                        [
                            0.3742236793041229,
                            -0.07565683126449585,
                            0.29030486941337585,
                            -0.1898833066225052
                        ],
                        [
                            -0.9584137797355652,
                            0.7367057204246521,
                            -0.6528061628341675,
                            0.9173544049263
                        ]
                    ],
                    [
                        -0.0008048306917771697,
                        -0.0005207080976106226,
                        0.0007649731123819947,
                        0.0022129202261567116
                    ]
                ]
            },
            {
                "type": "dense",
                "activation": "tanh",
                "shape": [
                    null,
                    4
                ],
                "weights": [
                    [
                        [
                            -0.35130566358566284,
                            -0.5353145599365234,
                            0.6957093477249146,
                            -0.15511028468608856
                        ],
                        [
                            -0.2397862672805786,
                            -0.5246431827545166,
                            0.1828572005033493,
                            -1.0847835540771484
                        ],
                        [
                            0.7522367835044861,
                            0.6392632126808167,
                            -0.5166622400283813,
                            -0.23369605839252472
                        ],
                        [
                            0.09375221282243729,
                            0.2324984222650528,
                            -0.43063026666641235,
                            -0.5919700860977173
                        ]
                    ],
                    [
                        0.0009402083815075457,
                        0.0003663402167148888,
                        0.0008501497213728726,
                        -0.0026300246827304363
                    ]
                ]
            },
            {
                "type": "dense",
                "activation": "",
                "shape": [
                    null,
                    1
                ],
                "weights": [
                    [
                        [
                            -0.3725901246070862
                        ],
                        [
                            0.8578327894210815
                        ],
                        [
                            0.7366713285446167
                        ],
                        [
                            -0.03859737515449524
                        ]
                    ],
                    [
                        -0.00033005798468366265
                    ]
                ]
            }
        ]
    },
    "drive_95_30": {
        "in_shape": [
            null,
            5
        ],
        "layers": [
            {
                "type": "dense",
                "activation": "tanh",
                "shape": [
                    null,
                    4
                ],
                "weights": [
                    [
                        [
                            -1.324486255645752,
                            -0.2373461276292801,
                            -0.40858232975006104,
                            0.06394387781620026
                        ],
                        [
                            0.7024481296539307,
                            0.22326739132404327,
                            0.23084348440170288,
                            -0.1866881400346756
                        ],
                        [
                            -0.3010837137699127,
                            -0.03258039429783821,
                            0.7044572234153748,
                            -0.277811735868454
                        ],
                        [
                            0.21902082860469818,
                            0.06330820173025131,
                            0.2707001268863678,
                            0.08419211208820343
                        ],
                        [
                            -0.9129573106765747,
                            -0.43330565094947815,
                            -0.7647938132286072,
                            0.30623477697372437
                        ]
                    ],
                    [
                        -0.0005666489014402032,
                        0.00217940891161561,
                        -0.003405648982152343,
                        -0.003351275809109211
                    ]
                ]
            },
            {
                "type": "dense",
                "activation": "tanh",
                "shape": [
                    null,
                    4
                ],
                "weights": [
                    [
                        [
                            0.7720313668251038,
                            0.6422749757766724,
                            -0.5875850319862366,
                            -0.0993942990899086
                        ],
                        [
                            -0.08056849241256714,
                            -0.3253163993358612,
                            -0.46098339557647705,
                            -0.23920468986034393
                        ],
                        [
                            0.3784956932067871,
                            -0.9890793561935425,
                            0.09058786183595657,
                            0.40177038311958313
                        ],
                        [
                            0.08749265223741531,
                            0.8060420155525208,
                            -0.544411301612854,
                            -0.11069904267787933
                        ]
                    ],
                    [
                        0.001807001419365406,
                        -0.00018032621301244944,
                        -0.0005299372714944184,
                        0.0002540558634791523
                    ]
                ]
            },
            {
                "type": "dense",
                "activation": "",
                "shape": [
                    null,
                    1
                ],
                "weights": [
                    [
                        [
                            -0.27048835158348083
                        ],
                        [
                            -0.27550235390663147
                        ],
                        [
                            -0.6188422441482544
                        ],
                        [
                            0.2928633689880371
                        ]
                    ],
                    [
                        0.0002908957831095904
                    ]
                ]
            }
        ]
    },
    "drive_100_30": {
        "in_shape": [
            null,
            5
        ],
        "layers": [
            {
                "type": "dense",
                "activation": "tanh",
                "shape": [
                    null,
                    4
                ],
                "weights": [
                    [
                        [
                            0.11540935188531876,
                            -0.18380914628505707,
                            0.40355685353279114,
                            -0.24032247066497803
                        ],
                        [
                            -0.16821427643299103,
                            0.07678620517253876,
                            0.23151899874210358,
                            -0.09703273326158524
                        ],
                        [
                            -0.044458065181970596,
                            -0.3355497419834137,
                            0.5098987817764282,
                            0.3706301152706146
                        ],
                        [
                            -0.04376913979649544,
                            0.22599725425243378,
                            0.2140747308731079,
                            0.0598926842212677
                        ],
                        [
                            1.2387462854385376,
                            -0.6424244046211243,
                            0.46927332878112793,
                            -0.9111268520355225
                        ]
                    ],
                    [
                        -0.0010033448925241828,
                        0.004874345846474171,
                        -0.006039527710527182,
                        -0.0008763307123444974
                    ]
                ]
            },
            {
                "type": "dense",
                "activation": "tanh",
                "shape": [
                    null,
                    4
                ],
                "weights": [
                    [
                        [
                            0.2171872854232788,
                            -0.05761474370956421,
                            -0.23027311265468597,
                            0.5313910245895386
                        ],
                        [
                            -0.771453857421875,
                            0.8085259199142456,
                            0.524576723575592,
                            0.3980776071548462
                        ],
                        [
                            0.5806992650032043,
                            -0.5923649668693542,
                            0.2060081958770752,
                            -0.4781918525695801
                        ],
                        [
                            0.3013235926628113,
                            -0.5648532509803772,
                            0.43384769558906555,
                            -0.09624046087265015
                        ]
                    ],
                    [
                        -0.0005881119286641479,
                        0.00010946390102617443,
                        0.0017217244021594524,
                        1.6650576071697287e-05
                    ]
                ]
            },
            {
                "type": "dense",
                "activation": "",
                "shape": [
                    null,
                    1
                ],
                "weights": [
                    [
                        [
                            -0.465888112783432
                        ],
                        [
                            -0.3230379819869995
                        ],
                        [
                            0.17985689640045166
                        ],
                        [
                            -0.3164192736148834
                        ]
                    ],
                    [
                        -0.00039476939127780497
                    ]
                ]
            }
        ]
    }
}