{
    "drive_0_100": {
        "in_shape": [
            null,
            5
        ],
        "layers": [
            {
                "type": "dense",
                "activation": "tanh",
                "shape": [
                    null,
                    4
                ],
                "weights": [
                    [
                        [
                            0.09259670972824097,
                            -0.19565699994564056,
                            0.014044394716620445,
                            0.5080145597457886
                        ],
                        [
                            0.507878839969635,
                            0.2327369600534439,
                            -0.22796675562858582,
                            -0.023919662460684776
                        ],
                        [
                            -0.288653701543808,
                            0.3151528537273407,
                            0.7266063690185547,
                            0.6719380617141724
                        ],
                        [
                            0.5862505435943604,
                            0.27702775597572327,
                            -0.05110130459070206,
                            0.0912247821688652
                        ],
                        [
                            0.5154925584793091,
                            -0.5413239002227783,
                            -0.6189926862716675,
                            -0.5630799531936646
                        ]
                    ],
                    [
                        -0.0006609298288822174,
                        0.0002527556207496673,
                        -0.0001006940656225197,
                        -0.00018134723359253258
                    ]
                ]
            },
            {
                "type": "dense",
                "activation": "tanh",
                "shape": [
                    null,
                    4
                ],
                "weights": [
                    [
                        [
                            -0.473010778427124,
                            -0.7635881304740906,
                            -0.5752219557762146,
                            -0.452087938785553
                        ],
                        [
                            -0.2883285880088806,
                            0.7124470472335815,
                            0.6902948617935181,
                            0.5580777525901794
                        ],
                        [
                            -0.6691823601722717,
                            0.6657831072807312,
                            -0.36208677291870117,
                            -0.8143242001533508
                        ],
                        [
                            0.6593045592308044,
                            0.3006858825683594,
                            0.753439724445343,
                            0.6836118102073669
                        ]
                    ],
                    [
                        0.00014662618923466653,
                        0.0004780801828019321,
                        -0.0001676004903856665,
                        -0.0002728412509895861
                    ]
                ]
            },
            {
                "type": "dense",
                "activation": "",
                "shape": [
                    null,
                    1
                ],
                "weights": [
                    [
                        [
                            -0.43584132194519043
                        ],
                        [
                            0.0759139358997345
                        ],
                        [
                            0.19725191593170166
                        ],
                        [
                            0.801476001739502
                        ]
                    ],
                    [
                        -6.982979539316148e-05
                    ]
                ]
            }
        ]
    },
    "drive_5_100": {
        "in_shape": [
            null,
            5
        ],
        "layers": [
            {
                "type": "dense",
                "activation": "tanh",
                "shape": [
                    null,
                    4
                ],
                "weights": [
                    [
                        [
                            0.4146229922771454,
                            -0.3828900456428528,
                            -0.3269025683403015,
                            0.6704912781715393
                        ],
                        [
                            -0.1319257616996765,
                            0.5165790319442749,
                            -0.15272201597690582,
                            0.3288842737674713
                        ],
                        [
                            -0.4860703945159912,
                            0.9290802478790283,
                            0.3380090296268463,
                            0.3556439280509949
                        ],
                        [
                            -0.07135766744613647,
                            0.6995460987091064,
                            -0.4844461679458618,
                            -0.029857909306883812
                        ],
                        [
                            -0.4055551588535309,
                            -0.027039844542741776,
                            0.43784332275390625,
                            0.5430935621261597
                        ]
                    ],
                    [
                        6.110656977398321e-05,
                        -3.306237340439111e-05,
                        0.00031335349194705486,
                        -0.0001612885680515319
                    ]
                ]
            },
            {
                "type": "dense",
                "activation": "tanh",
                "shape": [
                    null,
                    4
                ],
                "weights": [
                    [
                        [
                            -0.8417544960975647,
                            0.32858937978744507,
                            0.7486869692802429,
                            -0.5298532843589783
                        ],
                        [
                            -0.40445613861083984,
                            -0.009554277174174786,
                            0.4810333251953125,
                            -0.5511829257011414
                        ],
                        [
                            0.3113442063331604,
                            0.08778145164251328,
                            0.3214936852455139,
                            0.7246896624565125
                        ],
                        [
                            -0.013897597789764404,
                            0.5784233808517456,
                            0.32501351833343506,
                            -0.5843178033828735
                        ]
                    ],
                    [
                        -0.00014265831850934774,
                        3.532009577611461e-05,
                        -0.0001365105708828196,
                        -0.00024555413983762264
                    ]
                ]
            },
            {
                "type": "dense",
                "activation": "",
                "shape": [
                    null,
                    1
                ],
                "weights": [
                    [
                        [
                            -0.9656487107276917
                        ],
                        [
                            0.2601121664047241
                        ],
                        [
                            0.6973255276679993
                        ],
                        [
                            0.6283401846885681
                        ]
                    ],
                    [
                        -8.175592665793374e-05
                    ]
                ]
            }
        ]
    },
    "drive_10_100": {
        "in_shape": [
            null,
            5
        ],
        "layers": [
            {
                "type": "dense",
                "activation": "tanh",
                "shape": [
                    null,
                    4
                ],
                "weights": [
                    [
                        [
                            -0.11385748535394669,
                            0.02491220086812973,
                            0.8117095232009888,
                            0.18874448537826538
                        ],
                        [
                            -0.3126651346683502,
                            -0.5458618402481079,
                            -0.8140167593955994,
                            0.203347310423851
                        ],
                        [
                            -0.6083807945251465,
                            0.4556587338447571,
                            -0.18022586405277252,
                            -0.23577618598937988
                        ],
                        [
                            0.297325074672699,
                            0.6507765650749207,
                            0.51921147108078,
                            0.22733184695243835
                        ],
                        [
                            -0.3139617443084717,
                            -0.04807303845882416,
                            -0.5561168789863586,
                            -0.37311992049217224
                        ]
                    ],
                    [
                        -7.432445272570476e-05,
                        -0.000261835812125355,
                        -0.0006151222623884678,
                        0.0018482243176549673
                    ]
                ]
            },
            {
                "type": "dense",
                "activation": "tanh",
                "shape": [
                    null,
                    4
                ],
                "weights": [
                    [
                        [
                            -0.37830036878585815,
                            0.19560950994491577,
                            -0.702122688293457,
                            -0.3916376531124115
                        ],
                        [
                            0.582745373249054,
                            0.1966310739517212,
                            -0.1709461808204651,
                            0.2316603660583496
                        ],
                        [
                            -0.8043980002403259,
                            0.5903502702713013,
                            0.5420457720756531,
                            -0.35161057114601135
                        ],
                        [
                            0.015077335759997368,
                            0.3277410566806793,
                            0.45353615283966064,
                            -0.14611394703388214
                        ]
                    ],
                    [
                        0.0001664437004365027,
                        -0.00036761851515620947,
                        -0.00044728207285515964,
                        -0.00023952487390488386
                    ]
                ]
            },
            {
                "type": "dense",
                "activation": "",
                "shape": [
                    null,
                    1
                ],
                "weights": [
                    [
                        [
                            -0.4278067648410797
                        ],
                        [
                            -0.6325692534446716
                        ],
                        [
                            0.8618170619010925
                        ],
                        [
                            -0.9115261435508728
                        ]
                    ],
                    [
                        -0.00025048814131878316
                    ]
                ]
            }
        ]
    },
    "drive_15_100": {
        "in_shape": [
            null,
            5
        ],
        "layers": [
            {
                "type": "dense",
                "activation": "tanh",
                "shape": [
                    null,
                    4
                ],
                "weights": [
                    [
                        [
                            0.3247292935848236,
                            0.725751519203186,
                            0.9703259468078613,
                            -0.2387523055076599
                        ],
                        [
                            -0.15390512347221375,
                            -0.6985397338867188,
                            0.29952532052993774,
                            0.20239222049713135
                        ],
                        [
                            0.32243216037750244,
                            -0.3254915773868561,
                            0.554821789264679,
                            0.6430132389068604
                        ],
                        [
                            -0.3345533013343811,
                            -0.5002349019050598,
                            -0.18881499767303467,
                            0.16012786328792572
                        ],
                        [
                            0.34749269485473633,
                            0.9018591642379761,
                            -0.10744737088680267,
                            0.2791178822517395
                        ]
                    ],
                    [
                        -0.00020936322107445449,
                        0.003545160172507167,
                        0.0009688989375717938,
                        -0.0005431757890619338
                    ]
                ]
            },
            {
                "type": "dense",
                "activation": "tanh",
                "shape": [
                    null,
                    4
                ],
                "weights": [
                    [
                        [
                            0.1879982203245163,
                            -0.04368273913860321,
                            0.1587691307067871,
                            -0.47625717520713806
                        ],
                        [
                            0.16439354419708252,
                            0.49274832010269165,
                            0.36191046237945557,
                            0.22776071727275848
                        ],
                        [
                            0.14835527539253235,
                            -0.9218018054962158,
                            -0.4013039767742157,
                            0.5437989234924316
                        ],
                        [
                            0.47480010986328125,
                            0.24375061690807343,
                            -0.21911504864692688,
                            0.27358025312423706
                        ]
                    ],
                    [
                        0.00039819913217797875,
                        -0.0006109214155003428,
                        -0.00025967517285607755,
                        0.0002085166343022138
                    ]
                ]
            },
            {
                "type": "dense",
                "activation": "",
                "shape": [
                    null,
                    1
                ],
                "weights": [
                    [
                        [
                            -0.21740160882472992
                        ],
                        [
                            0.4557793140411377
                        ],
                        [
                            -0.9071668982505798
                        ],
                        [
                            0.43677955865859985
                        ]
                    ],
                    [
                        0.00015236285980790854
                    ]
                ]
            }
        ]
    },
    "drive_20_100": {
        "in_shape": [
            null,
            5
        ],
        "layers": [
            {
                "type": "dense",
                "activation": "tanh",
                "shape": [
                    null,
                    4
                ],
                "weights": [
                    [
                        [
                            0.30798155069351196,
                            -0.807541012763977,
                            0.03753869608044624,
                            -0.5979328751564026
                        ],
                        [
                            0.00261251931078732,
                            -0.42931678891181946,
                            0.17562326788902283,
                            -0.23173333704471588
                        ],
                        [
                            0.8327645659446716,
                            0.03246237337589264,
                            -0.46560534834861755,
                            -0.10777034610509872
                        ],
                        [
                            -0.5645217299461365,
                            -0.1961064487695694,
                            0.27742525935173035,
                            -0.12461918592453003
                        ],
                        [
                            0.23331496119499207,
                            0.19998197257518768,
                            -0.793038010597229,
                            -0.16669601202011108
                        ]
                    ],
                    [
                        -0.0010947834234684706,
                        0.0013081446522846818,
                        -0.0006387216853909194,
                        0.0007424018695019186
                    ]
                ]
            },
            {
                "type": "dense",
                "activation": "tanh",
                "shape": [
                    null,
                    4
                ],
                "weights": [
                    [
                        [
                            -0.7790715098381042,
                            -0.663568377494812,
                            0.586794376373291,
                            -0.008283236995339394
                        ],
                        [
                            -1.0341063737869263,
                            0.31805843114852905,
                            -0.024454349651932716,
                            -0.06865673512220383
                        ],
                        [
                            -0.4824138283729553,
                            0.5158750414848328,
                            -0.6228810548782349,
                            0.2630850374698639
                        ],
                        [
                            -0.16401302814483643,
                            -0.194557324051857,
                            -0.6618434190750122,
                            -0.5939602851867676
                        ]
                    ],
                    [
                        -0.001346126664429903,
                        0.0014096609083935618,
                        1.736846570565831e-05,
                        -0.00034427817445248365
                    ]
                ]
            },
            {
                "type": "dense",
                "activation": "",
                "shape": [
                    null,
                    1
                ],
                "weights": [
                    [
                        [
                            -0.2541476786136627
                        ],
                        [
                            0.2476881891489029
                        ],
                        [
                            0.08526884764432907
                        ],
                        [
                            0.8334322571754456
                        ]
                    ],
                    [
                        -9.47244461713126e-06
                    ]
                ]
            }
        ]
    },
    "drive_25_100": {
        "in_shape": [
            null,
            5
        ],
        "layers": [
            {
                "type": "dense",
                "activation": "tanh",
                "shape": [
                    null,
                    4
                ],
                "weights": [
                    [
                        [
                            -0.7117658853530884,
                            -0.06420859694480896,
                            0.6152321696281433,
                            -0.22475707530975342
                        ],
                        [
                            -0.5120587348937988,
                            0.6201980113983154,
                            -0.08491229265928268,
                            0.3810623288154602
                        ],
                        [
                            0.2529252767562866,
                            0.4352972209453583,
                            0.032055120915174484,
                            -0.8134555220603943
                        ],
                        [
                            0.14759643375873566,
                            0.09248200058937073,
                            -0.036845117807388306,
                            0.5549055337905884
                        ],
                        [
                            0.04021691158413887,
                            -0.3240102529525757,
                            0.19786128401756287,
                            -0.070747010409832
                        ]
                    ],
                    [
                        0.00012095964484615251,
                        0.0002781256043817848,
                        -6.967120134504512e-05,
                        -0.0006518089794553816
                    ]
                ]
            },
            {
                "type": "dense",
                "activation": "tanh",
                "shape": [
                    null,
                    4
                ],
                "weights": [
                    [
                        [
                            -0.7356571555137634,
                            0.07273993641138077,
                            0.2979142367839813,
                            0.24414624273777008
                        ],
                        [
                            -0.3134249448776245,
                            -0.632978618144989,
                            -0.4159299433231354,
                            0.1042357012629509
                        ],
                        [
                            0.4493388235569,
                            -0.4204774796962738,
                            0.552929162979126,
                            0.1979951411485672
                        ],
                        [
                            -0.6918367147445679,
                            0.7022827863693237,
                            -0.5173713564872742,
                            0.5862665176391602
                        ]
                    ],
                    [
                        0.00024082390882540494,
                        3.067333091166802e-05,
                        -0.00044273564708419144,
                        0.00011409600847400725
                    ]
                ]
            },
            {
                "type": "dense",
                "activation": "",
                "shape": [
                    null,
                    1
                ],
                "weights": [
                    [
                        [
                            -0.7177587747573853
                        ],
                        [
                            -1.0318936109542847
                        ],
                        [
                            0.07177099585533142
                        ],
                        [
                            0.6509976983070374
                        ]
                    ],
                    [
                        -4.273781451047398e-05
                    ]
                ]
            }
        ]
    },
    "drive_30_100": {
        "in_shape": [
            null,
            5
        ],
        "layers": [
            {
                "type": "dense",
                "activation": "tanh",
                "shape": [
                    null,
                    4
                ],
                "weights": [
                    [
                        [
                            -0.17090974748134613,
                            -0.4735332727432251,
                            0.2001703530550003,
                            0.5847469568252563
                        ],
                        [
                            -0.10370367020368576,
                            0.2873832583427429,
                            -0.14448238909244537,
                            -0.176926851272583
                        ],
                        [
                            -0.28796708583831787,
                            0.04522097855806351,
                            -0.7597301602363586,
                            -0.2526063024997711
                        ],
                        [
                            -0.1438317894935608,
                            -0.0314793661236763,
                            0.1159108355641365,
                            -0.27958694100379944
                        ],
                        [
                            -0.8500394821166992,
                            0.7050200700759888,
                            0.667605459690094,
                            0.18752729892730713
                        ]
                    ],
                    [
                        0.00017507499433122575,
                        -0.00037245600833557546,
                        -0.00013755750842392445,
                        -0.00020812710863538086
                    ]
                ]
            },
            {
                "type": "dense",
                "activation": "tanh",
                "shape": [
                    null,
                    4
                ],
                "weights": [
                    [
                        [
                            -0.6083512902259827,
                            0.2620403468608856,
                            -0.28564897179603577,
                            -0.0006423529703170061
                        ],
                        [
                            0.36793413758277893,
                            0.5551577210426331,
                            0.6955943703651428,
                            0.5218546390533447
                        ],
                        [
                            -0.12149510532617569,
                            0.39696067571640015,
                            0.04093754664063454,
                            0.6695418357849121
                        ],
                        [
                            -0.6419512629508972,
                            -0.7896820902824402,
                            -0.5477489233016968,
                            0.5573146939277649
                        ]
                    ],
                    [
                        0.00015609424735885113,
                        -0.0004466626269277185,
                        -0.0003588260733522475,
                        8.476451330352575e-05
                    ]
                ]
            },
            {
                "type": "dense",
                "activation": "",
                "shape": [
                    null,
                    1
                ],
                "weights": [
                    [
                        [
                            0.4056503474712372
                        ],
                        [
                            0.009632314555346966
                        ],
                        [
                            0.7769964933395386
                        ],
                        [
                            -1.1515885591506958
                        ]
                    ],
                    [
                        0.00010497659241082147
                    ]
                ]
            }
        ]
    },
    "drive_35_100": {
        "in_shape": [
            null,
            5
        ],
        "layers": [
            {
                "type": "dense",
                "activation": "tanh",
                "shape": [
                    null,
                    4
                ],
                "weights": [
                    [
                        [
                            0.16929464042186737,
                            -0.21754543483257294,
                            0.5065614581108093,
                            -0.6199096441268921
                        ],
                        [
                            0.03372296690940857,
                            0.23520305752754211,
                            0.4815351068973541,
                            -0.04201021045446396
                        ],
                        [
                            0.36534205079078674,
                            -0.37832048535346985,
                            0.6227629780769348,
                            -0.25779014825820923
                        ],
                        [
                            0.197403684258461,
                            0.27106717228889465,
                            -0.0006674690521322191,
                            0.011781206354498863
                        ],
                        [
                            -0.01813323050737381,
                            -0.26980093121528625,
                            0.626131534576416,
                            0.283755362033844
                        ]
                    ],
                    [
                        -0.0008352123550139368,
                        -2.7285061150905676e-05,
                        0.002494760788977146,
                        -0.00046388464397750795
                    ]
                ]
            },
            {
                "type": "dense",
                "activation": "tanh",
                "shape": [
                    null,
                    4
                ],
                "weights": [
                    [
                        [
                            -0.37121376395225525,
                            0.2645275592803955,
                            0.4846116006374359,
                            0.006422270555049181
                        ],
                        [
                            0.0648328959941864,
                            0.35028964281082153,
                            -0.07993904501199722,
                            -0.4602099359035492
                        ],
                        [
                            -0.3433478772640228,
                            -0.19017092883586884,
                            0.4265328347682953,
                            0.04041292890906334
                        ],
                        [
                            -0.64786696434021,
                            -0.19615797698497772,
                            0.38904863595962524,
                            -0.05003923922777176
                        ]
                    ],
                    [
                        0.00017294575809501112,
                        0.0008943768334574997,
                        -0.000244994240347296,
                        0.00021923001622781157
                    ]
                ]
            },
            {
                "type": "dense",
                "activation": "",
                "shape": [
                    null,
                    1
                ],
                "weights": [
                    [
                        [
                            0.9898130893707275
                        ],
                        [
                            0.03258508816361427
                        ],
                        [
                            0.8902788758277893
                        ],
                        [
                            -0.6988454461097717
                        ]
                    ],
                    [
                        2.6487046852707863e-05
                    ]
                ]
            }
        ]
    },
    "drive_40_100": {
        "in_shape": [
            null,
            5
        ],
        "layers": [
            {
                "type": "dense",
                "activation": "tanh",
                "shape": [
                    null,
                    4
                ],
                "weights": [
                    [
                        [
                            -0.3586362302303314,
                            0.48448383808135986,
                            -0.6669413447380066,
                            0.793703556060791
                        ],
                        [
                            0.5138206481933594,
                            0.11529054492712021,
                            0.1767752766609192,
                            -0.09002845734357834
                        ],
                        [
                            -0.26627951860427856,
                            0.1546138972043991,
                            -0.6439639925956726,
                            -0.43105554580688477
                        ],
                        [
                            0.41431093215942383,
                            0.11120177805423737,
                            -0.15044264495372772,
                            -0.5942358374595642
                        ],
                        [
                            -0.45249465107917786,
                            -0.46244701743125916,
                            0.3432597219944,
                            0.26565834879875183
                        ]
                    ],
                    [
                        -0.00041834142757579684,
                        -0.0011908415472134948,
                        0.0008134196395985782,
                        -0.00023049890296533704
                    ]
                ]
            },
            {
                "type": "dense",
                "activation": "tanh",
                "shape": [
                    null,
                    4
                ],
                "weights": [
                    [
                        [
                            0.6131830215454102,
                            0.200648233294487,
                            0.728965699672699,
                            0.4317969083786011
                        ],
                        [
                            -0.13207970559597015,
                            0.2888731062412262,
                            0.4216119349002838,
                            -0.7254418730735779
                        ],
                        [
                            0.3644973635673523,
                            -0.5511828064918518,
                            0.6341467499732971,
                            0.6178942918777466
                        ],
                        [
                            0.2510557472705841,
                            0.0928390845656395,
                            0.07350694388151169,
                            0.10777481645345688
                        ]
                    ],
                    [
                        0.00031701356056146324,
                        0.0005706227384507656,
                        0.0006513500120490789,
                        -0.0006566189113073051
                    ]
                ]
            },
            {
                "type": "dense",
                "activation": "",
                "shape": [
                    null,
                    1
                ],
                "weights": [
                    [
                        [
                            -0.23314601182937622
                        ],
                        [
                            -0.4190567433834076
                        ],
                        [
                            0.6614804267883301
                        ],
                        [
                            -0.6158136129379272
                        ]
                    ],
                    [
                        -1.1037693184334785e-05
                    ]
                ]
            }
        ]
    },
    "drive_45_100": {
        "in_shape": [
            null,
            5
        ],
        "layers": [
            {
                "type": "dense",
                "activation": "tanh",
                "shape": [
                    null,
                    4
                ],
                "weights": [
                    [
                        [
                            0.34006714820861816,
                            0.02689703367650509,
                            0.31552696228027344,
                            0.3516819477081299
                        ],
                        [
                            -0.36994025111198425,
                            -0.25708603858947754,
                            0.16212742030620575,
                            -0.1500815898180008
                        ],
                        [
                            0.05811528116464615,
                            0.31918928027153015,
                            0.6985192894935608,
                            -0.5820768475532532
                        ],
                        [
                            -0.29746755957603455,
                            -0.3953179717063904,
                            0.13197749853134155,
                            0.23071731626987457
                        ],
                        [
                            0.27821335196495056,
                            -0.3834897577762604,
                            -0.7996516227722168,
                            -1.0041215419769287
                        ]
                    ],
                    [
                        0.0008327122195623815,
                        0.003115263069048524,
                        -1.6746436813264154e-05,
                        -8.784301462583244e-05
                    ]
                ]
            },
            {
                "type": "dense",
                "activation": "tanh",
                "shape": [
                    null,
                    4
                ],
                "weights": [
                    [
                        [
                            -0.17705385386943817,
                            1.0801384449005127,
                            0.6666485071182251,
                            0.14279982447624207
                        ],
                        [
                            -0.04913011193275452,
                            0.3101825416088104,
                            -0.07708235830068588,
                            -0.05260325223207474
                        ],
                        [
                            0.14679545164108276,
                            -0.8613168597221375,
                            -0.37046918272972107,
                            0.18752571940422058
                        ],
                        [
                            0.4309527575969696,
                            0.0077850972302258015,
                            0.6008522510528564,
                            0.5805865526199341
                        ]
                    ],
                    [
                        0.0009556888253428042,
                        -0.0007301319274120033,
                        -0.00010990561713697389,
                        0.0004193367494735867
                    ]
                ]
            },
            {
                "type": "dense",
                "activation": "",
                "shape": [
                    null,
                    1
                ],
                "weights": [
                    [
                        [
                            0.45530712604522705
                        ],
                        [
                            0.2115221619606018
                        ],
                        [
                            -0.6102405190467834
                        ],
                        [
                            0.40191105008125305
                        ]
                    ],
                    [
                        -0.00048417161451652646
                    ]
                ]
            }
        ]
    },
    "drive_50_100": {
        "in_shape": [
            null,
            5
        ],
        "layers": [
            {
                "type": "dense",
                "activation": "tanh",
                "shape": [
                    null,
                    4
                ],
                "weights": [
                    [
                        [
                            0.9496180415153503,
                            -0.49544793367385864,
                            -0.47494861483573914,
                            -0.3949228525161743
                        ],
                        [
                            0.005024027079343796,
                            0.5030608773231506,
                            -0.18572650849819183,
                            -0.04395134747028351
                        ],
                        [
                            -0.1176198422908783,
                            -0.19644005596637726,
                            -0.0625457763671875,
                            -0.13961568474769592
                        ],
                        [
                            0.0031337689142674208,
                            0.43746474385261536,
                            0.18468376994132996,
                            -0.125900998711586
                        ],
                        [
                            -0.4067193865776062,
                            -0.21218647062778473,
                            -0.05228204280138016,
                            -0.5933486819267273
                        ]
                    ],
                    [
                        -6.330513133434579e-05,
                        -0.0007973731262609363,
                        0.0015258481726050377,
                        -0.0008472164045087993
                    ]
                ]
            },
            {
                "type": "dense",
                "activation": "tanh",
                "shape": [
                    null,
                    4
                ],
                "weights": [
                    [
                        [
                            -0.9030287265777588,
                            -0.0077134994789958,
                            -0.5760246515274048,
                            0.2711617946624756
                        ],
                        [
                            -0.8868166208267212,
                            0.361825168132782,
                            -0.18045848608016968,
                            0.8985694050788879
                        ],
                        [
                            0.16695179045200348,
                            -0.6116604804992676,
                            -0.6000719666481018,
                            0.30066725611686707
                        ],
                        [
                            0.3822691738605499,
                            -0.2253297120332718,
                            -0.06366509944200516,
                            -0.6784564256668091
                        ]
                    ],
                    [
                        -4.044144588988274e-05,
                        0.0003901623422279954,
                        -0.00042526880861259997,
                        0.0007555499323643744
                    ]
                ]
            },
            {
                "type": "dense",
                "activation": "",
                "shape": [
                    null,
                    1
                ],
                "weights": [
                    [
                        [
                            0.336269736289978
                        ],
                        [
                            0.8675602078437805
                        ],
                        [
                            -0.8878841996192932
                        ],
                        [
                            -0.09835653007030487
                        ]
                    ],
                    [
                        -0.0005660258466377854
                    ]
                ]
            }
        ]
    },
    "drive_55_100": {
        "in_shape": [
            null,
            5
        ],
        "layers": [
            {
                "type": "dense",
                "activation": "tanh",
                "shape": [
                    null,
                    4
                ],
                "weights": [
                    [
                        [
                            -0.22115391492843628,
                            -0.3952926993370056,
                            -0.9803886413574219,
                            0.14115360379219055
                        ],
                        [
                            -0.1342167854309082,
                            0.09918497502803802,
                            -0.28915131092071533,
                            0.24693965911865234
                        ],
                        [
                            -0.24158909916877747,
                            0.40922635793685913,
                            -0.46053004264831543,
                            0.453416645526886
                        ],
                        [
                            -0.3362677991390228,
                            0.07255978882312775,
                            0.5114561915397644,
                            0.5545023083686829
                        ],
                        [
                            -0.5140517950057983,
                            0.6937792897224426,
                            -0.5152879953384399,
                            -0.11333221197128296
                        ]
                    ],
                    [
                        -0.00013279721315484494,
                        -5.921005504205823e-05,
                        -0.0011055453214794397,
                        0.00022417389845941216
                    ]
                ]
            },
            {
                "type": "dense",
                "activation": "tanh",
                "shape": [
                    null,
                    4
                ],
                "weights": [
                    [
                        [
                            -0.09484334290027618,
                            0.6471039056777954,
                            -0.7398918867111206,
                            0.18796932697296143
                        ],
                        [
                            0.26881322264671326,
                            0.7152862548828125,
                            -0.515342116355896,
                            0.39156028628349304
                        ],
                        [
                            -0.3855305016040802,
                            -0.7773222923278809,
                            -0.09616578370332718,
                            0.3206612169742584
                        ],
                        [
                            -0.4978046715259552,
                            0.39223504066467285,
                            -0.43935367465019226,
                            0.24163571000099182
                        ]
                    ],
                    [
                        -0.00035042953095398843,
                        0.0003583308425731957,
                        0.0003053886175621301,
                        7.331852248171344e-05
                    ]
                ]
            },
            {
                "type": "dense",
                "activation": "",
                "shape": [
                    null,
                    1
                ],
                "weights": [
                    [
                        [
                            -0.19442430138587952
                        ],
                        [
                            -0.19985325634479523
                        ],
                        [
                            0.48869678378105164
                        ],
                        [
                            -0.5151994824409485
                        ]
                    ],
                    [
                        -0.0002087610773742199
                    ]
                ]
            }
        ]
    },
    "drive_60_100": {
        "in_shape": [
            null,
            5
        ],
        "layers": [
            {
                "type": "dense",
                "activation": "tanh",
                "shape": [
                    null,
                    4
                ],
                "weights": [
                    [
                        [
                            -0.6374956369400024,
                            -0.3750708997249603,
                            -0.008243462070822716,
                            -0.28200212121009827
                        ],
                        [
                            0.6882416009902954,
                            -0.40643712878227234,
                            -0.333333283662796,
                            -0.05239003524184227
                        ],
                        [
                            -0.2160673588514328,
                            -0.5475966334342957,
                            0.8604905605316162,
                            -0.301179438829422
                        ],
                        [
                            0.7494569420814514,
                            -0.11161328107118607,
                            -0.37961268424987793,
                            -0.12988930940628052
                        ],
                        [
                            -0.20167124271392822,
                            -0.5837376713752747,
                            0.017585182562470436,
                            1.2936441898345947
                        ]
                    ],
                    [
                        0.0004460375348571688,
                        0.001085966476239264,
                        0.0004536790947895497,
                        -0.001408597338013351
                    ]
                ]
            },
            {
                "type": "dense",
                "activation": "tanh",
                "shape": [
                    null,
                    4
                ],
                "weights": [
                    [
                        [
                            -0.6537619829177856,
                            -0.09007252752780914,
                            -0.7531156539916992,
                            0.1905374377965927
                        ],
                        [
                            0.4525357782840729,
                            0.587323784828186,
                            -0.5470660924911499,
                            0.4557378590106964
                        ],
                        [
                            -0.5525964498519897,
                            -0.5166565775871277,
                            -0.5422998666763306,
                            0.20360563695430756
                        ],
                        [
                            -0.2763678729534149,
                            -0.5037150382995605,
                            -0.44406840205192566,
                            0.34129878878593445
                        ]
                    ],
                    [
                        7.633461063960567e-05,
                        0.00039681667112745345,
                        -0.00016564321413170546,
                        -0.0002511388738639653
                    ]
                ]
            },
            {
                "type": "dense",
                "activation": "",
                "shape": [
                    null,
                    1
                ],
                "weights": [
                    [
                        [
                            -0.542841374874115
                        ],
                        [
                            0.6094824075698853
                        ],
                        [
                            0.9262831211090088
                        ],
                        [
                            0.7877959609031677
                        ]
                    ],
                    [
                        5.6007967941695824e-05
                    ]
                ]
            }
        ]
    },
    "drive_65_100": {
        "in_shape": [
            null,
            5
        ],
        "layers": [
            {
                "type": "dense",
                "activation": "tanh",
                "shape": [
                    null,
                    4
                ],
                "weights": [
                    [
                        [
                            -0.7925422191619873,
                            0.5814371705055237,
                            -0.7567378282546997,
                            0.5391711592674255
                        ],
                        [
                            0.2033586949110031,
                            -0.3042663037776947,
                            0.26551035046577454,
                            -0.0734977275133133
                        ],
                        [
                            0.07656632363796234,
                            -0.18152165412902832,
                            -0.21834169328212738,
                            0.9495549201965332
                        ],
                        [
                            0.17261970043182373,
                            -0.22761572897434235,
                            0.49238163232803345,
                            -0.34805426001548767
                        ],
                        [
                            0.44595590233802795,
                            0.5108460783958435,
                            0.5210197567939758,
                            -0.28066959977149963
                        ]
                    ],
                    [
                        -0.00033686906681396067,
                        0.00017553992802277207,
                        0.0004529196012299508,
                        0.0013289201306179166
                    ]
                ]
            },
            {
                "type": "dense",
                "activation": "tanh",
                "shape": [
                    null,
                    4
                ],
                "weights": [
                    [
                        [
                            -0.13665375113487244,
                            0.583177924156189,
                            0.2057373821735382,
                            0.6236751675605774
                        ],
                        [
                            0.548242449760437,
                            -0.5433949828147888,
                            -0.49009859561920166,
                            0.6274930238723755
                        ],
                        [
                            -0.38827359676361084,
                            0.3837384879589081,
                            0.2778879702091217,
                            -0.3848632574081421
                        ],
                        [
                            -0.1967955380678177,
                            0.04219202324748039,
                            -0.11775319278240204,
                            -0.22120359539985657
                        ]
                    ],
                    [
                        -2.318221413588617e-05,
                        -0.0006760212709195912,
                        -7.025118247838691e-05,
                        -0.00028581565129570663
                    ]
                ]
            },
            {
                "type": "dense",
                "activation": "",
                "shape": [
                    null,
                    1
                ],
                "weights": [
                    [
                        [
                            0.38657450675964355
                        ],
                        [
                            0.9581034183502197
                        ],
                        [
                            -0.8975810408592224
                        ],
                        [
                            -0.8540375232696533
                        ]
                    ],
                    [
                        -7.737483974779025e-05
                    ]
                ]
            }
        ]
    },
    "drive_70_100": {
        "in_shape": [
            null,
            5
        ],
        "layers": [
            {
                "type": "dense",
                "activation": "tanh",
                "shape": [
                    null,
                    4
                ],
                "weights": [
                    [
                        [
                            -0.15421335399150848,
                            0.05924956873059273,
                            0.5811792016029358,
                            0.9743310809135437
                        ],
                        [
                            0.1505584716796875,
                            0.16814760863780975,
                            -0.029015785083174706,
                            -0.40162530541419983
                        ],
                        [
                            -0.27028006315231323,
                            0.7870838642120361,
                            0.28944551944732666,
                            0.4493524730205536
                        ],
                        [
                            0.1462199091911316,
                            0.17940586805343628,
                            0.11059817671775818,
                            0.37346115708351135
                        ],
                        [
                            -0.8963563442230225,
                            -0.4141489267349243,
                            0.031826891005039215,
                            -0.08557342737913132
                        ]
                    ],
                    [
                        -0.00040710295434109867,
                        -0.00017921821563504636,
                        -0.0002795206964947283,
                        0.0043688188306987286
                    ]
                ]
            },
            {
                "type": "dense",
                "activation": "tanh",
                "shape": [
                    null,
                    4
                ],
                "weights": [
                    [
                        [
                            -0.8520533442497253,
                            -0.4415929913520813,
                            0.33071136474609375,
                            0.09699740260839462
                        ],
                        [
                            0.09872152656316757,
                            -0.05067100748419762,
                            -0.7102237939834595,
                            0.6749001741409302
                        ],
                        [
                            -0.4042423963546753,
                            0.6347445845603943,
                            0.17817920446395874,
                            -0.4688398241996765
                        ],
                        [
                            0.12715783715248108,
                            0.4533633589744568,
                            -0.5238149166107178,
                            0.0791836827993393
                        ]
                    ],
                    [
                        -0.00042636756552383304,
                        0.000212929691770114,
                        0.0002486999146640301,
                        -6.260031659621745e-05
                    ]
                ]
            },
            {
                "type": "dense",
                "activation": "",
                "shape": [
                    null,
                    1
                ],
                "weights": [
                    [
                        [
                            -0.24592025578022003
                        ],
                        [
                            0.7588658332824707
                        ],
                        [
                            0.8246940970420837
                        ],
                        [
                            0.9795379638671875
                        ]
                    ],
                    [
                        -9.526265057502314e-05
                    ]
                ]
            }
        ]
    },
    "drive_75_100": {
        "in_shape": [
            null,
            5
        ],
        "layers": [
            {
                "type": "dense",
                "activation": "tanh",
                "shape": [
                    null,
                    4
                ],
                "weights": [
                    [
                        [
                            -0.7194610238075256,
                            0.5062647461891174,
                            0.22524099051952362,
                            0.8593431711196899
                        ],
                        [
                            -0.07194915413856506,
                            0.3435586392879486,
                            -0.16142643988132477,
                            -0.42936331033706665
                        ],
                        [
                            0.5940021276473999,
                            0.8069000244140625,
                            0.6491507291793823,
                            -0.36431679129600525
                        ],
                        [
                            0.05551392585039139,
                            0.4181376099586487,
                            0.07281024008989334,
                            -0.36630144715309143
                        ],
                        [
                            0.1592118740081787,
                            0.460921049118042,
                            0.039744600653648376,
                            1.0278090238571167
                        ]
                    ],
                    [
                        -0.0007849768735468388,
                        -0.0013146961573511362,
                        0.0013986545382067561,
                        -0.000152793902088888
                    ]
                ]
            },
            {
                "type": "dense",
                "activation": "tanh",
                "shape": [
                    null,
                    4
                ],
                "weights": [
                    [
                        [
                            -0.39994990825653076,
                            -0.5961973071098328,
                            0.30141451954841614,
                            -0.48754051327705383
                        ],
                        [
                            -0.43046921491622925,
                            -0.5955455899238586,
                            -0.648023784160614,
                            -0.6629282236099243
                        ],
                        [
                            -0.7089833617210388,
                            -0.23602773249149323,
                            -0.045603182166814804,
                            0.4041304886341095
                        ],
                        [
                            0.5308688879013062,
                            -0.31858956813812256,
                            -0.6758012771606445,
                            -0.18786700069904327
                        ]
                    ],
                    [
                        -0.0015728138387203217,
                        -0.0011500369291752577,
                        0.0012100930325686932,
                        0.0017839382635429502
                    ]
                ]
            },
            {
                "type": "dense",
                "activation": "",
                "shape": [
                    null,
                    1
                ],
                "weights": [
                    [
                        [
                            -0.34589338302612305
                        ],
                        [
                            0.47488558292388916
                        ],
                        [
                            -0.2081049084663391
                        ],
                        [
                            -0.012662479653954506
                        ]
                    ],
                    [
                        -0.00013427507656160742
                    ]
                ]
            }
        ]
    },
    "drive_80_100": {
        "in_shape": [
            null,
            5
        ],
        "layers": [
            {
                "type": "dense",
                "activation": "tanh",
                "shape": [
                    null,
                    4
                ],
                "weights": [
                    [
                        [
                            -0.7645790576934814,
                            -0.0007284795283339918,
                            -0.7575694918632507,
                            -0.7098655700683594
                        ],
                        [
                            0.42334648966789246,
                            -0.26351118087768555,
                            0.35543859004974365,
                            0.5034021735191345
                        ],
                        [
                            -0.1266985684633255,
                            -0.8358178734779358,
                            0.6373332142829895,
                            -0.7228865623474121
                        ],
                        [
                            0.49793359637260437,
                            -0.2038453221321106,
                            0.28563669323921204,
                            0.5405654907226562
                        ],
                        [
                            -0.10742157697677612,
                            0.5384419560432434,
                            -0.6052559614181519,
                            0.4040035605430603
                        ]
                    ],
                    [
                        0.00042400587699376047,
                        -2.933771611424163e-05,
                        0.0007779960287734866,
                        0.003822035389021039
                    ]
                ]
            },
            {
                "type": "dense",
                "activation": "tanh",
                "shape": [
                    null,
                    4
                ],
                "weights": [
                    [
                        [
                            0.34476977586746216,
                            -0.43555572628974915,
                            0.27844369411468506,
                            -0.517335832118988
                        ],
                        [
                            0.494672566652298,
                            -0.5060433149337769,
                            0.8163639903068542,
                            -0.2908758223056793
                        ],
                        [
                            0.3143853545188904,
                            -0.8570870161056519,
                            0.5191622972488403,
                            -0.7127823829650879
                        ],
                        [
                            -0.055015336722135544,
                            0.032663170248270035,
                            -0.35552969574928284,
                            0.2431861162185669
                        ]
                    ],
                    [
                        -0.0002579512365628034,
                        0.0003337662492413074,
                        0.001010612235404551,
                        0.0004903418011963367
                    ]
                ]
            },
            {
                "type": "dense",
                "activation": "",
                "shape": [
                    null,
                    1
                ],
                "weights": [
                    [
                        [
                            -0.8134442567825317
                        ],
                        [
                            -0.3804405629634857
                        ],
                        [
                            -0.017265159636735916
                        ],
                        [
                            -0.375896692276001
                        ]
                    ],
                    [
                        -4.578519656206481e-05
                    ]
                ]
            }
        ]
    },
    "drive_85_100": {
        "in_shape": [
            null,
            5
        ],
        "layers": [
            {
                "type": "dense",
                "activation": "tanh",
                "shape": [
                    null,
                    4
                ],
                "weights": [
                    [
                        [
                            -0.8045939207077026,
                            0.39677417278289795,
                            -0.053773049265146255,
                            -0.3113700747489929
                        ],
                        [
                            0.6829184889793396,
                            -0.06618110835552216,
                            -0.21794746816158295,
                            0.3731119632720947
                        ],
                        [
                            -0.05352834612131119,
                            -0.669974148273468,
                            -0.47375428676605225,
                            -0.3142673075199127
                        ],
                        [
                            0.480581670999527,
                            -0.795415461063385,
                            -0.1084829568862915,
                            0.3161712884902954
                        ],
                        [
                            0.5710839033126831,
                            -0.09496854990720749,
                            -0.03558140993118286,
                            -0.2617172300815582
                        ]
                    ],
                    [
                        2.6330786567996256e-05,
                        0.004587974399328232,
                        -0.0010149340378120542,
                        -0.000734542147256434
                    ]
                ]
            },
            {
                "type": "dense",
                "activation": "tanh",
                "shape": [
                    null,
                    4
                ],
                "weights": [
                    [
                        [
                            0.3787732422351837,
                            0.09595436602830887,
                            0.262625128030777,
                            -0.31853973865509033
                        ],
                        [
                            0.8114935159683228,
                            -0.015209387056529522,
                            0.11305981874465942,
                            -0.7154198288917542
                        ],
                        [
                            0.26171615719795227,
                            -0.40357205271720886,
                            0.5707553029060364,
                            -0.1781097650527954
                        ],
                        [
                            0.47337988018989563,
                            -0.6957508325576782,
                            0.2571570575237274,
                            -0.6113035678863525
                        ]
                    ],
                    [
                        -5.554030849452829e-06,
                        -0.001382409711368382,
                        0.00043019664008170366,
                        0.0003562046040315181
                    ]
                ]
            },
            {
                "type": "dense",
                "activation": "",
                "shape": [
                    null,
                    1
                ],
                "weights": [
                    [
                        [
                            -0.4499067962169647
                        ],
                        [
                            -0.5619800090789795
                        ],
                        [
                            -0.6944215297698975
                        ],
                        [
                            -0.6063709855079651
                        ]
                    ],
                    [
                        -0.0001784584455890581
                    ]
                ]
            }
        ]
    },
    "drive_90_100": {
        "in_shape": [
            null,
            5
        ],
        "layers": [
            {
                "type": "dense",
                "activation": "tanh",
                "shape": [
                    null,
                    4
                ],
                "weights": [
                    [
                        [
                            0.34585174918174744,
                            -0.9222151637077332,
                            -0.18364687263965607,
                            0.4295027256011963
                        ],
                        [
                            -0.1886684000492096,
                            0.5178515911102295,
                            -0.06676377356052399,
                            -0.4768758714199066
                        ],
                        [
                            -0.07343664020299911,
                            -0.4119120240211487,
                            -0.3335837721824646,
                            -0.2595764100551605
                        ],
                        [
                            -0.17585699260234833,
                            0.24693970382213593,
                            -0.0420900359749794,
                            -0.2031000852584839
                        ],
                        [
                            0.9310194849967957,
                            -0.8226224184036255,
                            0.3371247351169586,
                            -0.5661713480949402
                        ]
                    ],
                    [
                        -2.6564927679828543e-07,
                        0.0016054539009928703,
                        0.0006400115671567619,
                        -0.0007602039258927107
                    ]
                ]
            },
            {
                "type": "dense",
                "activation": "tanh",
                "shape": [
                    null,
                    4
                ],
                "weights": [
                    [
                        [
                            0.42456796765327454,
                            -0.3198785185813904,
                            -0.1033325046300888,
                            -0.30746787786483765
                        ],
                        [
                            0.4424472451210022,
                            -0.3497883677482605,
                            0.4984813332557678,
                            0.4636453092098236
                        ],
                        [
                            0.6911253929138184,
                            -0.751101553440094,
                            0.03725967928767204,
                            0.710767924785614
                        ],
                        [
                            -0.15893104672431946,
                            -0.033306073397397995,
                            0.09844910353422165,
                            -0.4265703558921814
                        ]
                    ],
                    [
                        -0.0003653022868093103,
                        -0.0017005270346999168,
                        0.001283784513361752,
                        -0.00012423770385794342
                    ]
                ]
            },
            {
                "type": "dense",
                "activation": "",
                "shape": [
                    null,
                    1
                ],
                "weights": [
                    [
                        [
                            -0.62666255235672
                        ],
                        [
                            -0.09141960740089417
                        ],
                        [
                            -0.17179572582244873
                        ],
                        [
                            0.48367175459861755
                        ]
                    ],
                    [
                        -4.8298188630724326e-05
                    ]
                ]
            }
        ]
    },
    "drive_95_100": {
        "in_shape": [
            null,
            5
        ],
        "layers": [
            {
                "type": "dense",
                "activation": "tanh",
                "shape": [
                    null,
                    4
                ],
                "weights": [
                    [
                        [
                            -0.21880783140659332,
                            0.046286389231681824,
                            -0.6043901443481445,
                            -0.20499852299690247
                        ],
                        [
                            -0.07980459183454514,
                            -0.2673112154006958,
                            0.1309015154838562,
                            -0.06479984521865845
                        ],
                        [
                            0.633627712726593,
                            -0.5085396766662598,
                            -0.4232707917690277,
                            -0.19584357738494873
                        ],
                        [
                            -0.11974091082811356,
                            -0.2509269118309021,
                            0.20219582319259644,
                            -0.04635198041796684
                        ],
                        [
                            1.0089164972305298,
                            0.8634350299835205,
                            -0.6834512948989868,
                            0.6010333299636841
                        ]
                    ],
                    [
                        0.002192262327298522,
                        -0.0013928740518167615,
                        -0.0019686142913997173,
                        0.0017833586316555738
                    ]
                ]
            },
            {
                "type": "dense",
                "activation": "tanh",
                "shape": [
                    null,
                    4
                ],
                "weights": [
                    [
                        [
                            0.16957472264766693,
                            -0.5645065903663635,
                            0.3558102250099182,
                            0.2620256543159485
                        ],
                        [
                            -0.5475695729255676,
                            -1.2645471096038818,
                            0.5457493662834167,
                            -0.1309124380350113
                        ],
                        [
                            -1.001535415649414,
                            0.19076299667358398,
                            -0.2832105755805969,
                            -0.6969306468963623
                        ],
                        [
                            0.2534218430519104,
                            0.23048877716064453,
                            -0.1680060178041458,
                            -0.49966609477996826
                        ]
                    ],
                    [
                        0.0006942964973859489,
                        -0.0013396102003753185,
                        -6.785735604353249e-05,
                        0.0018612371059134603
                    ]
                ]
            },
            {
                "type": "dense",
                "activation": "",
                "shape": [
                    null,
                    1
                ],
                "weights": [
                    [
                        [
                            -0.2985634207725525
                        ],
                        [
                            -0.21781891584396362
                        ],
                        [
                            -0.6084896922111511
                        ],
                        [
                            0.5266793370246887
                        ]
                    ],
                    [
                        -0.00045053160283714533
                    ]
                ]
            }
        ]
    },
    "drive_100_100": {
        "in_shape": [
            null,
            5
        ],
        "layers": [
            {
                "type": "dense",
                "activation": "tanh",
                "shape": [
                    null,
                    4
                ],
                "weights": [
                    [
                        [
                            0.447016179561615,
                            -0.2319130152463913,
                            -0.11908068507909775,
                            -0.04167956858873367
                        ],
                        [
                            0.034694328904151917,
                            -0.0417126901447773,
                            -0.07162457704544067,
                            -0.27515456080436707
                        ],
                        [
                            0.10120537132024765,
                            -0.13966932892799377,
                            0.556408166885376,
                            1.2392479181289673
                        ],
                        [
                            0.04381147027015686,
                            -0.06751170009374619,
                            -0.14110305905342102,
                            0.21688316762447357
                        ],
                        [
                            -0.4567381739616394,
                            -0.39817526936531067,
                            0.9694898724555969,
                            1.0270147323608398
                        ]
                    ],
                    [
                        -0.0007009513210505247,
                        0.0002046300796791911,
                        0.0005602296441793442,
                        0.008023865520954132
                    ]
                ]
            },
            {
                "type": "dense",
                "activation": "tanh",
                "shape": [
                    null,
                    4
                ],
                "weights": [
                    [
                        [
                            0.440886527299881,
                            -0.5963498950004578,
                            0.2371748387813568,
                            0.6532977819442749
                        ],
                        [
                            -0.06855107843875885,
                            -0.13458193838596344,
                            0.015410194173455238,
                            -0.6478970050811768
                        ],
                        [
                            -0.12375379353761673,
                            0.41352033615112305,
                            -0.2634604573249817,
                            -0.36021605134010315
                        ],
                        [
                            -0.35894498229026794,
                            -0.9854184985160828,
                            0.5759010314941406,
                            -0.34450581669807434
                        ]
                    ],
                    [
                        -0.0005216769641265273,
                        -0.0004567049036268145,
                        0.0004831617698073387,
                        -0.00023672165116295218
                    ]
                ]
            },
            {
                "type": "dense",
                "activation": "",
                "shape": [
                    null,
                    1
                ],
                "weights": [
                    [
                        [
                            0.8159835338592529
                        ],
                        [
                            0.1419927179813385
                        ],
                        [
                            0.5575655102729797
                        ],
                        [
                            -0.34711727499961853
                        ]
                    ],
                    [
                        0.00024364286218769848
                    ]
                ]
            }
        ]
    }
}