{
    "drive_0_80": {
        "in_shape": [
            null,
            5
        ],
        "layers": [
            {
                "type": "dense",
                "activation": "tanh",
                "shape": [
                    null,
                    4
                ],
                "weights": [
                    [
                        [
                            -0.13862504065036774,
                            0.10705304145812988,
                            0.5158557295799255,
                            -0.2945801019668579
                        ],
                        [
                            -0.10801767557859421,
                            0.7952261567115784,
                            -0.17913441359996796,
                            -0.2729876637458801
                        ],
                        [
                            -0.23628902435302734,
                            0.08550788462162018,
                            -0.7341086864471436,
                            -0.5650210380554199
                        ],
                        [
                            0.31497859954833984,
                            -0.5111761093139648,
                            0.09142673015594482,
                            -0.015297099016606808
                        ],
                        [
                            -0.35101255774497986,
                            -0.6972646117210388,
                            -0.7786455154418945,
                            -0.0849091187119484
                        ]
                    ],
                    [
                        -0.0007672409992665052,
                        0.0008880950626917183,
                        0.0008232031832449138,
                        0.000565253896638751
                    ]
                ]
            },
            {
                "type": "dense",
                "activation": "tanh",
                "shape": [
                    null,
                    4
                ],
                "weights": [
                    [
                        [
                            0.008387302048504353,
                            -0.6959937214851379,
                            -0.13344833254814148,
                            -0.14637111127376556
                        ],
                        [
                            0.029134351760149002,
                            0.3703741133213043,
                            0.3152652680873871,
                            0.49619004130363464
                        ],
                        [
                            0.2988688349723816,
                            -1.0310006141662598,
                            -0.613067626953125,
                            0.5235930681228638
                        ],
                        [
                            -0.44684192538261414,
                            -0.5958945751190186,
                            1.0293251276016235,
                            0.14474645256996155
                        ]
                    ],
                    [
                        8.076020458247513e-05,
                        0.0002658659650478512,
                        -5.4950942285358906e-05,
                        -0.0005450265016406775
                    ]
                ]
            },
            {
                "type": "dense",
                "activation": "",
                "shape": [
                    null,
                    1
                ],
                "weights": [
                    [
                        [
                            0.004231729079037905
                        ],
                        [
                            -0.03745950758457184
                        ],
                        [
                            -0.5384504199028015
                        ],
                        [
                            0.42349040508270264
                        ]
                    ],
                    [
                        1.761550083756447e-05
                    ]
                ]
            }
        ]
    },
    "drive_5_80": {
        "in_shape": [
            null,
            5
        ],
        "layers": [
            {
                "type": "dense",
                "activation": "tanh",
                "shape": [
                    null,
                    4
                ],
                "weights": [
                    [
                        [
                            0.8774707317352295,
                            0.5021827220916748,
                            -0.6683338284492493,
                            -0.8453801274299622
                        ],
                        [
                            -0.35493502020835876,
                            -0.19605542719364166,
                            -0.023808825761079788,
                            -0.1472393274307251
                        ],
                        [
                            -0.4816875755786896,
                            -0.25533923506736755,
                            0.4762032926082611,
                            0.14813005924224854
                        ],
                        [
                            -0.17170335352420807,
                            -0.24874432384967804,
                            0.2887437641620636,
                            0.022843429818749428
                        ],
                        [
                            -0.08657658100128174,
                            0.6294611096382141,
                            -0.3117188513278961,
                            -0.4581782817840576
                        ]
                    ],
                    [
                        0.0005084357690066099,
                        -0.0004026672977488488,
                        0.00023467153368983418,
                        0.0007935977191664279
                    ]
                ]
            },
            {
                "type": "dense",
                "activation": "tanh",
                "shape": [
                    null,
                    4
                ],
                "weights": [
                    [
                        [
                            -0.6300478577613831,
                            0.26378798484802246,
                            -0.5870121717453003,
                            -0.3015053868293762
                        ],
                        [
                            0.697136402130127,
                            0.0012216841569170356,
                            0.08235375583171844,
                            -0.4870019853115082
                        ],
                        [
                            -0.2654266655445099,
                            0.6628005504608154,
                            -0.6931517124176025,
                            -0.8489649891853333
                        ],
                        [
                            -0.05728886276483536,
                            -0.8603184819221497,
                            0.45103615522384644,
                            0.1861467808485031
                        ]
                    ],
                    [
                        -0.0003387577016837895,
                        8.682547195348889e-05,
                        -0.00021217601897660643,
                        -0.00011868439469253644
                    ]
                ]
            },
            {
                "type": "dense",
                "activation": "",
                "shape": [
                    null,
                    1
                ],
                "weights": [
                    [
                        [
                            -0.43080949783325195
                        ],
                        [
                            0.4702214002609253
                        ],
                        [
                            -0.2905816435813904
                        ],
                        [
                            0.8456001281738281
                        ]
                    ],
                    [
                        -0.00033151276875287294
                    ]
                ]
            }
        ]
    },
    "drive_10_80": {
        "in_shape": [
            null,
            5
        ],
        "layers": [
            {
                "type": "dense",
                "activation": "tanh",
                "shape": [
                    null,
                    4
                ],
                "weights": [
                    [
                        [
                            -0.9918308258056641,
                            -0.3809092938899994,
                            -0.7376104593276978,
                            0.6306762099266052
                        ],
                        [
                            0.1666221171617508,
                            0.191661536693573,
                            0.3956736922264099,
                            0.5652574300765991
                        ],
                        [
                            -0.04206864535808563,
                            0.5877264142036438,
                            0.07383258640766144,
                            0.2217617928981781
                        ],
                        [
                            0.04305759072303772,
                            -0.8711625337600708,
                            0.28262224793434143,
                            0.01212420966476202
                        ],
                        [
                            0.5353575348854065,
                            0.9750847816467285,
                            -0.1283378154039383,
                            -0.2895478904247284
                        ]
                    ],
                    [
                        0.0003561987541615963,
                        -0.0008236740250140429,
                        0.00025590864242985845,
                        0.00046469777589663863
                    ]
                ]
            },
            {
                "type": "dense",
                "activation": "tanh",
                "shape": [
                    null,
                    4
                ],
                "weights": [
                    [
                        [
                            -0.5167744159698486,
                            -0.6276215314865112,
                            0.05328461527824402,
                            0.18161365389823914
                        ],
                        [
                            -0.2804170250892639,
                            -0.6286925673484802,
                            -0.39190417528152466,
                            0.9001253843307495
                        ],
                        [
                            0.5761191844940186,
                            0.41201135516166687,
                            -0.19543620944023132,
                            -0.5390072464942932
                        ],
                        [
                            -0.12989212572574615,
                            -0.5569913387298584,
                            -0.5492942333221436,
                            -0.5062100291252136
                        ]
                    ],
                    [
                        0.0005287763196974993,
                        0.0004988405271433294,
                        7.90786580182612e-05,
                        0.000833196216262877
                    ]
                ]
            },
            {
                "type": "dense",
                "activation": "",
                "shape": [
                    null,
                    1
                ],
                "weights": [
                    [
                        [
                            0.6865566968917847
                        ],
                        [
                            0.24332374334335327
                        ],
                        [
                            -0.538779616355896
                        ],
                        [
                            0.1684916913509369
                        ]
                    ],
                    [
                        -0.00045352234155870974
                    ]
                ]
            }
        ]
    },
    "drive_15_80": {
        "in_shape": [
            null,
            5
        ],
        "layers": [
            {
                "type": "dense",
                "activation": "tanh",
                "shape": [
                    null,
                    4
                ],
                "weights": [
                    [
                        [
                            -0.2039540708065033,
                            -0.08697039633989334,
                            -0.27074509859085083,
                            -0.3696284890174866
                        ],
                        [
                            -0.1205209344625473,
                            -0.0824107825756073,
                            -0.09723683446645737,
                            0.3482409119606018
                        ],
                        [
                            0.5447056889533997,
                            -0.7155226469039917,
                            0.3107924461364746,
                            0.48740336298942566
                        ],
                        [
                            0.2477893978357315,
                            -0.3495827317237854,
                            0.40817776322364807,
                            -0.31876012682914734
                        ],
                        [
                            0.5262264013290405,
                            -0.0802355483174324,
                            -0.28878849744796753,
                            -0.7021632790565491
                        ]
                    ],
                    [
                        -0.000380457378923893,
                        0.0006307153962552547,
                        0.00037683561095036566,
                        0.002602197462692857
                    ]
                ]
            },
            {
                "type": "dense",
                "activation": "tanh",
                "shape": [
                    null,
                    4
                ],
                "weights": [
                    [
                        [
                            0.39807209372520447,
                            -0.8082292675971985,
                            0.5314767360687256,
                            0.28753238916397095
                        ],
                        [
                            -0.6744443774223328,
                            -0.3471437096595764,
                            -0.09175577014684677,
                            0.436545729637146
                        ],
                        [
                            0.03678679093718529,
                            0.607699990272522,
                            0.2716665267944336,
                            0.753149688243866
                        ],
                        [
                            -0.6336632370948792,
                            0.18797942996025085,
                            -0.2046336829662323,
                            -0.18502798676490784
                        ]
                    ],
                    [
                        0.00018610685947351158,
                        0.0002667885855771601,
                        -0.0003276480711065233,
                        0.0007729287026450038
                    ]
                ]
            },
            {
                "type": "dense",
                "activation": "",
                "shape": [
                    null,
                    1
                ],
                "weights": [
                    [
                        [
                            -0.19797806441783905
                        ],
                        [
                            1.0728312730789185
                        ],
                        [
                            0.9363168478012085
                        ],
                        [
                            -0.6368334293365479
                        ]
                    ],
                    [
                        -1.6785854313638993e-05
                    ]
                ]
            }
        ]
    },
    "drive_20_80": {
        "in_shape": [
            null,
            5
        ],
        "layers": [
            {
                "type": "dense",
                "activation": "tanh",
                "shape": [
                    null,
                    4
                ],
                "weights": [
                    [
                        [
                            -0.6642524003982544,
                            -0.3812459111213684,
                            -0.4947468638420105,
                            -0.7141034603118896
                        ],
                        [
                            -0.40379267930984497,
                            -0.1878107637166977,
                            0.14198258519172668,
                            -0.23977825045585632
                        ],
                        [
                            -0.08579272776842117,
                            -0.7007372379302979,
                            -0.003243731800466776,
                            -0.058287814259529114
                        ],
                        [
                            0.47857651114463806,
                            -0.08535494655370712,
                            0.31285881996154785,
                            -0.37454289197921753
                        ],
                        [
                            0.13236095011234283,
                            0.7618963718414307,
                            -0.42808350920677185,
                            0.7235472202301025
                        ]
                    ],
                    [
                        0.0009272742900066078,
                        0.0002553988015279174,
                        0.0006886147311888635,
                        0.0005731367855332792
                    ]
                ]
            },
            {
                "type": "dense",
                "activation": "tanh",
                "shape": [
                    null,
                    4
                ],
                "weights": [
                    [
                        [
                            -0.2671748697757721,
                            -0.17455588281154633,
                            0.11679677665233612,
                            -0.3301437795162201
                        ],
                        [
                            0.2372695356607437,
                            -0.026808245107531548,
                            -0.504010021686554,
                            -0.16100633144378662
                        ],
                        [
                            0.7208414673805237,
                            0.5278180837631226,
                            0.4393090009689331,
                            0.7441074252128601
                        ],
                        [
                            0.43338221311569214,
                            0.22562895715236664,
                            -0.03585434332489967,
                            0.2138846218585968
                        ]
                    ],
                    [
                        0.00024549037334509194,
                        0.00015249577700160444,
                        0.0002789502905216068,
                        -0.00011620706209214404
                    ]
                ]
            },
            {
                "type": "dense",
                "activation": "",
                "shape": [
                    null,
                    1
                ],
                "weights": [
                    [
                        [
                            -0.21590404212474823
                        ],
                        [
                            -0.1405431032180786
                        ],
                        [
                            0.4804314970970154
                        ],
                        [
                            0.626006543636322
                        ]
                    ],
                    [
                        -0.0001188376554637216
                    ]
                ]
            }
        ]
    },
    "drive_25_80": {
        "in_shape": [
            null,
            5
        ],
        "layers": [
            {
                "type": "dense",
                "activation": "tanh",
                "shape": [
                    null,
                    4
                ],
                "weights": [
                    [
                        [
                            -0.26949578523635864,
                            0.5693783760070801,
                            0.4525144696235657,
                            0.18344606459140778
                        ],
                        [
                            -0.18238937854766846,
                            -0.448049396276474,
                            0.2470598667860031,
                            -0.45222556591033936
                        ],
                        [
                            1.164893627166748,
                            -0.09646935015916824,
                            0.4238375425338745,
                            0.5052724480628967
                        ],
                        [
                            -0.3485392928123474,
                            -0.416871041059494,
                            0.18456000089645386,
                            -0.40792375802993774
                        ],
                        [
                            0.7177392840385437,
                            0.4688476324081421,
                            0.0364387072622776,
                            -0.17799779772758484
                        ]
                    ],
                    [
                        -0.00023038184735924006,
                        3.506727080093697e-05,
                        -0.0008973474032245576,
                        -0.0002740254276432097
                    ]
                ]
            },
            {
                "type": "dense",
                "activation": "tanh",
                "shape": [
                    null,
                    4
                ],
                "weights": [
                    [
                        [
                            0.5253978371620178,
                            -0.7419025897979736,
                            0.2807339131832123,
                            0.4704718291759491
                        ],
                        [
                            -0.11549782007932663,
                            0.6943586468696594,
                            -0.6637119054794312,
                            -0.7272971868515015
                        ],
                        [
                            -0.6841910481452942,
                            0.4910978376865387,
                            -0.42063596844673157,
                            0.0790797770023346
                        ],
                        [
                            -0.8140372037887573,
                            0.8041754961013794,
                            -0.42304328083992004,
                            0.2196446806192398
                        ]
                    ],
                    [
                        -0.00035361966001801193,
                        -0.0003554677532520145,
                        0.0003734665224328637,
                        1.033123135130154e-05
                    ]
                ]
            },
            {
                "type": "dense",
                "activation": "",
                "shape": [
                    null,
                    1
                ],
                "weights": [
                    [
                        [
                            -0.9063137769699097
                        ],
                        [
                            -0.11818420141935349
                        ],
                        [
                            0.8163991570472717
                        ],
                        [
                            0.6814397573471069
                        ]
                    ],
                    [
                        -0.00027214325382374227
                    ]
                ]
            }
        ]
    },
    "drive_30_80": {
        "in_shape": [
            null,
            5
        ],
        "layers": [
            {
                "type": "dense",
                "activation": "tanh",
                "shape": [
                    null,
                    4
                ],
                "weights": [
                    [
                        [
                            -0.25679242610931396,
                            -0.318876177072525,
                            0.025001678615808487,
                            -0.7973029017448425
                        ],
                        [
                            -0.5638461709022522,
                            0.005762443412095308,
                            0.34068378806114197,
                            -0.7084277868270874
                        ],
                        [
                            -0.9783704280853271,
                            0.3582831621170044,
                            -0.21532060205936432,
                            -0.48709335923194885
                        ],
                        [
                            -0.38310763239860535,
                            0.001219870988279581,
                            0.15684883296489716,
                            -0.40187615156173706
                        ],
                        [
                            0.24263831973075867,
                            0.36555054783821106,
                            0.5177091360092163,
                            -0.5687503218650818
                        ]
                    ],
                    [
                        0.0005583022721111774,
                        -0.0002648889203555882,
                        0.001406513387337327,
                        0.0012820534175261855
                    ]
                ]
            },
            {
                "type": "dense",
                "activation": "tanh",
                "shape": [
                    null,
                    4
                ],
                "weights": [
                    [
                        [
                            -0.5230476260185242,
                            -0.03388630971312523,
                            -0.18843133747577667,
                            -0.7639610171318054
                        ],
                        [
                            -0.1320902705192566,
                            -0.5522985458374023,
                            0.19001972675323486,
                            -0.29181209206581116
                        ],
                        [
                            0.2862984240055084,
                            0.836074709892273,
                            0.5850277543067932,
                            -0.7335811853408813
                        ],
                        [
                            0.2832355797290802,
                            0.43833285570144653,
                            0.23954883217811584,
                            -0.13507211208343506
                        ]
                    ],
                    [
                        5.061214687884785e-05,
                        -5.916852387599647e-05,
                        -0.0003073673869948834,
                        -0.0007403403287753463
                    ]
                ]
            },
            {
                "type": "dense",
                "activation": "",
                "shape": [
                    null,
                    1
                ],
                "weights": [
                    [
                        [
                            0.40826427936553955
                        ],
                        [
                            0.6834824681282043
                        ],
                        [
                            -0.8189241886138916
                        ],
                        [
                            0.3772938549518585
                        ]
                    ],
                    [
                        -6.542827031807974e-05
                    ]
                ]
            }
        ]
    },
    "drive_35_80": {
        "in_shape": [
            null,
            5
        ],
        "layers": [
            {
                "type": "dense",
                "activation": "tanh",
                "shape": [
                    null,
                    4
                ],
                "weights": [
                    [
                        [
                            -0.8371742367744446,
                            -0.4873082935810089,
                            0.20491094887256622,
                            0.2212432622909546
                        ],
                        [
                            0.04670010879635811,
                            -0.6278959512710571,
                            0.44635385274887085,
                            -0.2713247835636139
                        ],
                        [
                            0.3377937972545624,
                            0.9245957732200623,
                            -0.6159804463386536,
                            0.10315538197755814
                        ],
                        [
                            -0.044775478541851044,
                            -0.006998900324106216,
                            -0.1145857721567154,
                            -0.2379090040922165
                        ],
                        [
                            -0.488436758518219,
                            0.11986788362264633,
                            -0.6338914036750793,
                            0.4656592905521393
                        ]
                    ],
                    [
                        0.0001719629653962329,
                        0.0003313123597763479,
                        -0.0002912282943725586,
                        -0.00024739219225011766
                    ]
                ]
            },
            {
                "type": "dense",
                "activation": "tanh",
                "shape": [
                    null,
                    4
                ],
                "weights": [
                    [
                        [
                            -0.9126787185668945,
                            0.5919390320777893,
                            0.6150996088981628,
                            -0.09946008026599884
                        ],
                        [
                            0.6612293720245361,
                            -0.42585739493370056,
                            0.1876215934753418,
                            -0.6793175339698792
                        ],
                        [
                            0.09686165302991867,
                            -0.32427075505256653,
                            0.47767505049705505,
                            0.11201033741235733
                        ],
                        [
                            0.14768128097057343,
                            0.3517870306968689,
                            -0.892798900604248,
                            -0.26686540246009827
                        ]
                    ],
                    [
                        2.5002284019137733e-05,
                        2.8696840672637336e-05,
                        -0.00031647220021113753,
                        0.000645048392470926
                    ]
                ]
            },
            {
                "type": "dense",
                "activation": "",
                "shape": [
                    null,
                    1
                ],
                "weights": [
                    [
                        [
                            0.5525844097137451
                        ],
                        [
                            -0.23765087127685547
                        ],
                        [
                            0.40871649980545044
                        ],
                        [
                            0.29013583064079285
                        ]
                    ],
                    [
                        -9.766072616912425e-05
                    ]
                ]
            }
        ]
    },
    "drive_40_80": {
        "in_shape": [
            null,
            5
        ],
        "layers": [
            {
                "type": "dense",
                "activation": "tanh",
                "shape": [
                    null,
                    4
                ],
                "weights": [
                    [
                        [
                            -0.5877354741096497,
                            0.5840484499931335,
                            0.7721117734909058,
                            0.39014244079589844
                        ],
                        [
                            -0.12588730454444885,
                            -0.26229456067085266,
                            0.3359975814819336,
                            0.44136708974838257
                        ],
                        [
                            -0.2602955400943756,
                            -0.5217233300209045,
                            -0.768548846244812,
                            -0.4974524974822998
                        ],
                        [
                            -0.18649901449680328,
                            -0.2639935612678528,
                            -0.8071713447570801,
                            -0.6424362063407898
                        ],
                        [
                            -0.2686244249343872,
                            0.7929367423057556,
                            0.3661694824695587,
                            0.6244252324104309
                        ]
                    ],
                    [
                        0.0005743938381783664,
                        -0.0004734611720778048,
                        0.0013101676013320684,
                        0.0007735338294878602
                    ]
                ]
            },
            {
                "type": "dense",
                "activation": "tanh",
                "shape": [
                    null,
                    4
                ],
                "weights": [
                    [
                        [
                            -0.6419088244438171,
                            -0.28449422121047974,
                            -0.27678269147872925,
                            -0.08352471888065338
                        ],
                        [
                            -0.39722636342048645,
                            -0.0029279051814228296,
                            0.39133477210998535,
                            -0.6811454892158508
                        ],
                        [
                            0.5857505202293396,
                            0.207011878490448,
                            0.5568881034851074,
                            0.7309406399726868
                        ],
                        [
                            0.15274426341056824,
                            -0.017525210976600647,
                            0.6977806091308594,
                            -0.6512487530708313
                        ]
                    ],
                    [
                        -0.0004539276415016502,
                        -4.077161065652035e-05,
                        0.0001753608521539718,
                        -0.00016949439304880798
                    ]
                ]
            },
            {
                "type": "dense",
                "activation": "",
                "shape": [
                    null,
                    1
                ],
                "weights": [
                    [
                        [
                            0.33031293749809265
                        ],
                        [
                            0.22133636474609375
                        ],
                        [
                            -0.2797485888004303
                        ],
                        [
                            0.41991373896598816
                        ]
                    ],
                    [
                        -5.8728652220452204e-05
                    ]
                ]
            }
        ]
    },
    "drive_45_80": {
        "in_shape": [
            null,
            5
        ],
        "layers": [
            {
                "type": "dense",
                "activation": "tanh",
                "shape": [
                    null,
                    4
                ],
                "weights": [
                    [
                        [
                            0.6099954843521118,
                            0.6410595774650574,
                            0.29222217202186584,
                            -0.5754683017730713
                        ],
                        [
                            -0.7502768635749817,
                            -0.1025332510471344,
                            0.0002813303144648671,
                            -0.1311824917793274
                        ],
                        [
                            0.5558215975761414,
                            -0.9070846438407898,
                            -0.5518951416015625,
                            -0.008457287214696407
                        ],
                        [
                            0.03372449427843094,
                            -0.10469505935907364,
                            -0.2019439935684204,
                            -0.3079860806465149
                        ],
                        [
                            0.9995247721672058,
                            -0.4737108647823334,
                            0.047843750566244125,
                            -0.4029594659805298
                        ]
                    ],
                    [
                        -0.0008929292089305818,
                        0.0001380821195198223,
                        -0.0007049029809422791,
                        0.000544320500921458
                    ]
                ]
            },
            {
                "type": "dense",
                "activation": "tanh",
                "shape": [
                    null,
                    4
                ],
                "weights": [
                    [
                        [
                            -0.47799152135849,
                            0.5060144066810608,
                            -0.4021008014678955,
                            -0.4960702359676361
                        ],
                        [
                            -0.02696985937654972,
                            -0.5548959970474243,
                            0.8494418263435364,
                            0.7215056419372559
                        ],
                        [
                            -0.1751427948474884,
                            0.36028724908828735,
                            -0.5460567474365234,
                            -0.42211875319480896
                        ],
                        [
                            0.5359316468238831,
                            -0.006183100864291191,
                            0.8065236210823059,
                            -0.09952815622091293
                        ]
                    ],
                    [
                        -0.0003522440674714744,
                        -0.00023409686400555074,
                        0.00044840254122391343,
                        0.00030582386534661055
                    ]
                ]
            },
            {
                "type": "dense",
                "activation": "",
                "shape": [
                    null,
                    1
                ],
                "weights": [
                    [
                        [
                            -0.28057417273521423
                        ],
                        [
                            -0.39767202734947205
                        ],
                        [
                            -0.15797394514083862
                        ],
                        [
                            0.15333802998065948
                        ]
                    ],
                    [
                        -0.0001727794442558661
                    ]
                ]
            }
        ]
    },
    "drive_50_80": {
        "in_shape": [
            null,
            5
        ],
        "layers": [
            {
                "type": "dense",
                "activation": "tanh",
                "shape": [
                    null,
                    4
                ],
                "weights": [
                    [
                        [
                            0.3314749598503113,
                            0.5317724943161011,
                            0.1871151626110077,
                            -0.3821410536766052
                        ],
                        [
                            0.17747248709201813,
                            -0.8014060258865356,
                            0.3579227924346924,
                            -0.3430207669734955
                        ],
                        [
                            -0.5151860117912292,
                            1.0654975175857544,
                            -0.48665156960487366,
                            -0.5005739331245422
                        ],
                        [
                            0.16819477081298828,
                            -0.028781572356820107,
                            0.3167899549007416,
                            -0.29512301087379456
                        ],
                        [
                            -0.19299884140491486,
                            0.08103926479816437,
                            0.5704052448272705,
                            -0.1699589490890503
                        ]
                    ],
                    [
                        0.00028061532066203654,
                        0.0017774668522179127,
                        -0.0002577171253506094,
                        0.0022390997037291527
                    ]
                ]
            },
            {
                "type": "dense",
                "activation": "tanh",
                "shape": [
                    null,
                    4
                ],
                "weights": [
                    [
                        [
                            -0.44727110862731934,
                            -0.7526656985282898,
                            0.5538807511329651,
                            0.2103169560432434
                        ],
                        [
                            0.07818933576345444,
                            0.6348088383674622,
                            0.5629934072494507,
                            -0.36837539076805115
                        ],
                        [
                            -0.4130862355232239,
                            0.4280643165111542,
                            -0.5764561295509338,
                            -0.428488165140152
                        ],
                        [
                            -0.04995476454496384,
                            -0.46191105246543884,
                            -0.6612019538879395,
                            0.24829408526420593
                        ]
                    ],
                    [
                        -0.0003886295307893306,
                        -2.757719994406216e-05,
                        6.395179661922157e-05,
                        0.0007115827174857259
                    ]
                ]
            },
            {
                "type": "dense",
                "activation": "",
                "shape": [
                    null,
                    1
                ],
                "weights": [
                    [
                        [
                            -0.1750693917274475
                        ],
                        [
                            -0.7163191437721252
                        ],
                        [
                            0.9271806478500366
                        ],
                        [
                            0.14171047508716583
                        ]
                    ],
                    [
                        -0.0002713185385800898
                    ]
                ]
            }
        ]
    },
    "drive_55_80": {
        "in_shape": [
            null,
            5
        ],
        "layers": [
            {
                "type": "dense",
                "activation": "tanh",
                "shape": [
                    null,
                    4
                ],
                "weights": [
                    [
                        [
                            -0.25950729846954346,
                            0.16558894515037537,
                            -0.24139919877052307,
                            -0.08268851786851883
                        ],
                        [
                            -0.0618954561650753,
                            -0.3145838677883148,
                            -0.32684004306793213,
                            0.09889782220125198
                        ],
                        [
                            -0.5187102556228638,
                            0.5010944604873657,
                            -0.6727651953697205,
                            -0.19406235218048096
                        ],
                        [
                            -0.18559657037258148,
                            -0.13938242197036743,
                            -0.1704275906085968,
                            0.10639237612485886
                        ],
                        [
                            0.9531154632568359,
                            1.170376181602478,
                            -0.49870461225509644,
                            -0.802824079990387
                        ]
                    ],
                    [
                        0.00029862261726520956,
                        -0.00037869831430725753,
                        0.0006214526947587729,
                        -7.241992716444656e-05
                    ]
                ]
            },
            {
                "type": "dense",
                "activation": "tanh",
                "shape": [
                    null,
                    4
                ],
                "weights": [
                    [
                        [
                            -0.1947055160999298,
                            -0.9280121922492981,
                            0.2822066843509674,
                            -0.1152249425649643
                        ],
                        [
                            0.5581492781639099,
                            -0.4714811146259308,
                            -0.20793059468269348,
                            0.2490716278553009
                        ],
                        [
                            0.5059186220169067,
                            -0.7583494186401367,
                            -0.435229629278183,
                            -0.598900318145752
                        ],
                        [
                            0.6701790690422058,
                            -0.46617650985717773,
                            -0.6119993925094604,
                            0.2935102880001068
                        ]
                    ],
                    [
                        -0.0001854879956226796,
                        -0.0008127710898406804,
                        -0.00025286819436587393,
                        5.893022535019554e-05
                    ]
                ]
            },
            {
                "type": "dense",
                "activation": "",
                "shape": [
                    null,
                    1
                ],
                "weights": [
                    [
                        [
                            -0.680803656578064
                        ],
                        [
                            -0.09043120592832565
                        ],
                        [
                            -0.9873087406158447
                        ],
                        [
                            0.5003272891044617
                        ]
                    ],
                    [
                        -0.00030207508825697005
                    ]
                ]
            }
        ]
    },
    "drive_60_80": {
        "in_shape": [
            null,
            5
        ],
        "layers": [
            {
                "type": "dense",
                "activation": "tanh",
                "shape": [
                    null,
                    4
                ],
                "weights": [
                    [
                        [
                            -0.11530125141143799,
                            0.05562867969274521,
                            0.15263809263706207,
                            0.6102277040481567
                        ],
                        [
                            0.3320969045162201,
                            0.18475376069545746,
                            0.5425199866294861,
                            0.23573186993598938
                        ],
                        [
                            -0.7947102785110474,
                            -0.5770506262779236,
                            0.46890565752983093,
                            0.35490116477012634
                        ],
                        [
                            0.050120946019887924,
                            0.07348573207855225,
                            0.608069896697998,
                            0.275740385055542
                        ],
                        [
                            0.5962560772895813,
                            -0.24577240645885468,
                            0.39699578285217285,
                            -0.18052776157855988
                        ]
                    ],
                    [
                        -0.0019251353805884719,
                        -0.0005076098605059087,
                        -0.0013556696940213442,
                        -0.0007686180179007351
                    ]
                ]
            },
            {
                "type": "dense",
                "activation": "tanh",
                "shape": [
                    null,
                    4
                ],
                "weights": [
                    [
                        [
                            -0.4714047312736511,
                            0.12520061433315277,
                            -0.5721144676208496,
                            -0.7040912508964539
                        ],
                        [
                            -0.4066406488418579,
                            0.98859041929245,
                            0.4633660614490509,
                            -0.37363648414611816
                        ],
                        [
                            -0.28963878750801086,
                            -0.4758739471435547,
                            0.2725365161895752,
                            0.06846356391906738
                        ],
                        [
                            0.6041184067726135,
                            0.09787559509277344,
                            0.22491759061813354,
                            0.012914702296257019
                        ]
                    ],
                    [
                        0.00022340574651025236,
                        -0.0008459279197268188,
                        1.3768315511697438e-05,
                        0.00029270470258779824
                    ]
                ]
            },
            {
                "type": "dense",
                "activation": "",
                "shape": [
                    null,
                    1
                ],
                "weights": [
                    [
                        [
                            0.4965469241142273
                        ],
                        [
                            0.6624453663825989
                        ],
                        [
                            0.5191150307655334
                        ],
                        [
                            -0.1330709457397461
                        ]
                    ],
                    [
                        0.00011240745516261086
                    ]
                ]
            }
        ]
    },
    "drive_65_80": {
        "in_shape": [
            null,
            5
        ],
        "layers": [
            {
                "type": "dense",
                "activation": "tanh",
                "shape": [
                    null,
                    4
                ],
                "weights": [
                    [
                        [
                            -0.573636531829834,
                            -0.005862072575837374,
                            0.35190868377685547,
                            -0.023224743083119392
                        ],
                        [
                            0.306005597114563,
                            0.14912159740924835,
                            0.3099818229675293,
                            0.1345856487751007
                        ],
                        [
                            -0.00939963199198246,
                            -0.6243308186531067,
                            0.5558120012283325,
                            0.5824216604232788
                        ],
                        [
                            0.27427148818969727,
                            0.17472665011882782,
                            0.15753772854804993,
                            0.21755731105804443
                        ],
                        [
                            0.0596117340028286,
                            0.3476405441761017,
                            -0.2438470423221588,
                            -1.1585354804992676
                        ]
                    ],
                    [
                        0.0007211890770122409,
                        0.0004530193982645869,
                        0.0005569398635998368,
                        -0.0008911705226637423
                    ]
                ]
            },
            {
                "type": "dense",
                "activation": "tanh",
                "shape": [
                    null,
                    4
                ],
                "weights": [
                    [
                        [
                            -0.41390302777290344,
                            0.3043896555900574,
                            -0.21466217935085297,
                            0.613308310508728
                        ],
                        [
                            0.36715322732925415,
                            0.2619408965110779,
                            0.8419360518455505,
                            -0.10052566230297089
                        ],
                        [
                            -0.5230559706687927,
                            0.5412242412567139,
                            0.7434438467025757,
                            -0.17380483448505402
                        ],
                        [
                            -0.5884160399436951,
                            0.18308205902576447,
                            0.465462327003479,
                            0.37224289774894714
                        ]
                    ],
                    [
                        0.0011934185167774558,
                        8.55158650665544e-05,
                        -2.9218736017355695e-05,
                        0.0008239785674959421
                    ]
                ]
            },
            {
                "type": "dense",
                "activation": "",
                "shape": [
                    null,
                    1
                ],
                "weights": [
                    [
                        [
                            -0.36286887526512146
                        ],
                        [
                            0.8645650744438171
                        ],
                        [
                            -0.6838179230690002
                        ],
                        [
                            0.20695087313652039
                        ]
                    ],
                    [
                        -5.236431024968624e-05
                    ]
                ]
            }
        ]
    },
    "drive_70_80": {
        "in_shape": [
            null,
            5
        ],
        "layers": [
            {
                "type": "dense",
                "activation": "tanh",
                "shape": [
                    null,
                    4
                ],
                "weights": [
                    [
                        [
                            -0.03577159345149994,
                            0.275610089302063,
                            0.07136817276477814,
                            0.7228379249572754
                        ],
                        [
                            0.09032829105854034,
                            -0.19872695207595825,
                            0.27918973565101624,
                            -0.37648507952690125
                        ],
                        [
                            -0.10997994989156723,
                            0.028697393834590912,
                            0.708931028842926,
                            -0.19573549926280975
                        ],
                        [
                            -0.02971501462161541,
                            0.07412304729223251,
                            0.2422598898410797,
                            0.42124325037002563
                        ],
                        [
                            -0.9863622188568115,
                            -0.5643521547317505,
                            0.714360773563385,
                            -0.6007373929023743
                        ]
                    ],
                    [
                        -0.0005221370956860483,
                        0.0007581536774523556,
                        -2.669434979907237e-05,
                        0.0008641509339213371
                    ]
                ]
            },
            {
                "type": "dense",
                "activation": "tanh",
                "shape": [
                    null,
                    4
                ],
                "weights": [
                    [
                        [
                            -0.6259734630584717,
                            0.00851835310459137,
                            0.2547331154346466,
                            0.7327029705047607
                        ],
                        [
                            -0.6917417645454407,
                            -0.10932515561580658,
                            -0.34512364864349365,
                            0.6580935120582581
                        ],
                        [
                            -0.5715071558952332,
                            0.1345369964838028,
                            -0.30500373244285583,
                            0.4343873858451843
                        ],
                        [
                            0.48490333557128906,
                            -0.21874473989009857,
                            0.5999321341514587,
                            -0.022933853790163994
                        ]
                    ],
                    [
                        0.0006005940958857536,
                        0.00014294790162239224,
                        0.0011964767472818494,
                        -0.0007064494420774281
                    ]
                ]
            },
            {
                "type": "dense",
                "activation": "",
                "shape": [
                    null,
                    1
                ],
                "weights": [
                    [
                        [
                            -0.7742452621459961
                        ],
                        [
                            -0.0967080146074295
                        ],
                        [
                            0.5478123426437378
                        ],
                        [
                            -0.08774001896381378
                        ]
                    ],
                    [
                        -0.00017756325541995466
                    ]
                ]
            }
        ]
    },
    "drive_75_80": {
        "in_shape": [
            null,
            5
        ],
        "layers": [
            {
                "type": "dense",
                "activation": "tanh",
                "shape": [
                    null,
                    4
                ],
                "weights": [
                    [
                        [
                            -0.7860557436943054,
                            0.0030236253514885902,
                            0.4490564465522766,
                            0.05208118259906769
                        ],
                        [
                            0.32435426115989685,
                            0.01762828789651394,
                            0.11077931523323059,
                            0.2828279733657837
                        ],
                        [
                            0.14148376882076263,
                            -1.0204402208328247,
                            -0.4917090833187103,
                            0.7589972019195557
                        ],
                        [
                            0.39678993821144104,
                            0.32747340202331543,
                            0.36848708987236023,
                            0.20431581139564514
                        ],
                        [
                            -0.3124229907989502,
                            1.068657398223877,
                            -0.8573224544525146,
                            -0.3734079599380493
                        ]
                    ],
                    [
                        0.0011072179768234491,
                        0.00036209492827765644,
                        -0.002960850717499852,
                        -0.0014449643203988671
                    ]
                ]
            },
            {
                "type": "dense",
                "activation": "tanh",
                "shape": [
                    null,
                    4
                ],
                "weights": [
                    [
                        [
                            0.4982127249240875,
                            0.7892114520072937,
                            -0.4029964506626129,
                            -0.13347533345222473
                        ],
                        [
                            -0.017479296773672104,
                            0.1840914636850357,
                            -0.537729024887085,
                            0.18560726940631866
                        ],
                        [
                            -0.20908936858177185,
                            0.806551456451416,
                            -0.8560901284217834,
                            -0.2741871476173401
                        ],
                        [
                            0.42003414034843445,
                            1.0451250076293945,
                            -0.5825667381286621,
                            -0.03195853903889656
                        ]
                    ],
                    [
                        0.0003043148317374289,
                        0.00014853310131002218,
                        0.0007970859878696501,
                        0.0004329740768298507
                    ]
                ]
            },
            {
                "type": "dense",
                "activation": "",
                "shape": [
                    null,
                    1
                ],
                "weights": [
                    [
                        [
                            0.5601059794425964
                        ],
                        [
                            -0.1535070240497589
                        ],
                        [
                            -0.058730389922857285
                        ],
                        [
                            -0.7262448072433472
                        ]
                    ],
                    [
                        0.00021024318994022906
                    ]
                ]
            }
        ]
    },
    "drive_80_80": {
        "in_shape": [
            null,
            5
        ],
        "layers": [
            {
                "type": "dense",
                "activation": "tanh",
                "shape": [
                    null,
                    4
                ],
                "weights": [
                    [
                        [
                            0.3908548057079315,
                            0.4098421037197113,
                            0.9977976679801941,
                            0.9347466826438904
                        ],
                        [
                            -0.4521193504333496,
                            -0.24581654369831085,
                            0.5522568821907043,
                            -0.24723288416862488
                        ],
                        [
                            -0.9150328636169434,
                            -0.0644468441605568,
                            -0.13139821588993073,
                            -0.6260570287704468
                        ],
                        [
                            0.24685144424438477,
                            -0.16872985661029816,
                            -0.2390219122171402,
                            -0.06301738321781158
                        ],
                        [
                            0.0962667390704155,
                            0.6913332343101501,
                            -0.5896391868591309,
                            0.2088528275489807
                        ]
                    ],
                    [
                        -0.0024303793907165527,
                        9.957787551684305e-05,
                        -0.00030109798535704613,
                        -0.0008037182269617915
                    ]
                ]
            },
            {
                "type": "dense",
                "activation": "tanh",
                "shape": [
                    null,
                    4
                ],
                "weights": [
                    [
                        [
                            -0.7494024634361267,
                            -0.4255412817001343,
                            -0.29997944831848145,
                            0.7685837149620056
                        ],
                        [
                            -0.1456795185804367,
                            0.7351612448692322,
                            0.694027304649353,
                            -0.15679185092449188
                        ],
                        [
                            -0.5610299706459045,
                            0.3482160270214081,
                            0.6120712757110596,
                            0.09433207660913467
                        ],
                        [
                            0.5348702669143677,
                            -0.003380953799933195,
                            0.2318507730960846,
                            -0.4974980652332306
                        ]
                    ],
                    [
                        -0.0010475653689354658,
                        -0.0003747247392311692,
                        -0.00010644280700944364,
                        0.0002454221248626709
                    ]
                ]
            },
            {
                "type": "dense",
                "activation": "",
                "shape": [
                    null,
                    1
                ],
                "weights": [
                    [
                        [
                            -0.12698347866535187
                        ],
                        [
                            -1.0285279750823975
                        ],
                        [
                            0.5566830039024353
                        ],
                        [
                            -0.5389302968978882
                        ]
                    ],
                    [
                        -0.00013877471792511642
                    ]
                ]
            }
        ]
    },
    "drive_85_80": {
        "in_shape": [
            null,
            5
        ],
        "layers": [
            {
                "type": "dense",
                "activation": "tanh",
                "shape": [
                    null,
                    4
                ],
                "weights": [
                    [
                        [
                            0.23771293461322784,
                            -0.125681072473526,
                            -0.4373707175254822,
                            0.3387282192707062
                        ],
                        [
                            -0.37534722685813904,
                            0.15654981136322021,
                            0.032021649181842804,
                            -0.19092488288879395
                        ],
                        [
                            -0.9813873767852783,
                            0.43475332856178284,
                            0.12612362205982208,
                            0.008450983092188835
                        ],
                        [
                            -0.25024309754371643,
                            0.5462256073951721,
                            -0.4375692307949066,
                            -0.16230426728725433
                        ],
                        [
                            0.07708179950714111,
                            0.31177252531051636,
                            -0.31531834602355957,
                            1.2646913528442383
                        ]
                    ],
                    [
                        0.0008983694133348763,
                        0.001217972720041871,
                        -0.0012762011028826237,
                        -8.825895929476246e-05
                    ]
                ]
            },
            {
                "type": "dense",
                "activation": "tanh",
                "shape": [
                    null,
                    4
                ],
                "weights": [
                    [
                        [
                            0.441385418176651,
                            -0.34512636065483093,
                            -0.5219821929931641,
                            -0.5717079043388367
                        ],
                        [
                            0.6792492270469666,
                            -0.1132761538028717,
                            -0.15826772153377533,
                            -0.5003374814987183
                        ],
                        [
                            0.012185969389975071,
                            -0.037642158567905426,
                            0.46013879776000977,
                            0.08844882994890213
                        ],
                        [
                            0.11840052902698517,
                            -0.08257994800806046,
                            -0.2843179404735565,
                            0.6163883805274963
                        ]
                    ],
                    [
                        0.0007161595858633518,
                        -0.0005268831737339497,
                        -0.0002584080211818218,
                        -0.002505500800907612
                    ]
                ]
            },
            {
                "type": "dense",
                "activation": "",
                "shape": [
                    null,
                    1
                ],
                "weights": [
                    [
                        [
                            0.9514596462249756
                        ],
                        [
                            0.2851673364639282
                        ],
                        [
                            0.9472813010215759
                        ],
                        [
                            -0.049872986972332
                        ]
                    ],
                    [
                        -0.0003221207589376718
                    ]
                ]
            }
        ]
    },
    "drive_90_80": {
        "in_shape": [
            null,
            5
        ],
        "layers": [
            {
                "type": "dense",
                "activation": "tanh",
                "shape": [
                    null,
                    4
                ],
                "weights": [
                    [
                        [
                            -0.2705017328262329,
                            0.37409961223602295,
                            0.5602477788925171,
                            0.3411780297756195
                        ],
                        [
                            0.18339547514915466,
                            -0.139931321144104,
                            -0.5795032978057861,
                            -0.0768604725599289
                        ],
                        [
                            0.09798245877027512,
                            -0.6047541499137878,
                            0.09345457702875137,
                            -0.05349177494645119
                        ],
                        [
                            0.3769833445549011,
                            -0.3732827305793762,
                            -0.22310656309127808,
                            0.15609224140644073
                        ],
                        [
                            -0.8342517018318176,
                            -0.030268916860222816,
                            -0.9034723043441772,
                            0.2747475504875183
                        ]
                    ],
                    [
                        0.00012745858111884445,
                        0.0011944349389523268,
                        -0.00753663619980216,
                        -0.00022599240764975548
                    ]
                ]
            },
            {
                "type": "dense",
                "activation": "tanh",
                "shape": [
                    null,
                    4
                ],
                "weights": [
                    [
                        [
                            0.6318937540054321,
                            -0.6539158225059509,
                            -0.30854591727256775,
                            0.5067235231399536
                        ],
                        [
                            0.9029783606529236,
                            0.22042086720466614,
                            -0.5996572375297546,
                            -0.393655925989151
                        ],
                        [
                            -0.22051902115345,
                            0.5098065733909607,
                            0.12006375193595886,
                            -0.527881920337677
                        ],
                        [
                            0.27522093057632446,
                            0.011187253519892693,
                            0.25764304399490356,
                            -0.019061008468270302
                        ]
                    ],
                    [
                        -0.0003231196606066078,
                        -0.00010314424434909597,
                        -0.0004389686801005155,
                        0.00044704534229822457
                    ]
                ]
            },
            {
                "type": "dense",
                "activation": "",
                "shape": [
                    null,
                    1
                ],
                "weights": [
                    [
                        [
                            1.1032992601394653
                        ],
                        [
                            0.8621283769607544
                        ],
                        [
                            0.7787008285522461
                        ],
                        [
                            0.53337562084198
                        ]
                    ],
                    [
                        0.00011610475485213101
                    ]
                ]
            }
        ]
    },
    "drive_95_80": {
        "in_shape": [
            null,
            5
        ],
        "layers": [
            {
                "type": "dense",
                "activation": "tanh",
                "shape": [
                    null,
                    4
                ],
                "weights": [
                    [
                        [
                            0.5012026429176331,
                            0.22073322534561157,
                            0.3505992889404297,
                            -0.6398400068283081
                        ],
                        [
                            -0.529694139957428,
                            0.07527830451726913,
                            0.15456269681453705,
                            -0.6087144017219543
                        ],
                        [
                            0.9680768251419067,
                            -0.8982048630714417,
                            0.30603495240211487,
                            0.5008662343025208
                        ],
                        [
                            -0.5533124208450317,
                            0.13355964422225952,
                            0.14156915247440338,
                            -0.6702511310577393
                        ],
                        [
                            0.08791151642799377,
                            -0.6625121831893921,
                            -0.8064257502555847,
                            0.18175475299358368
                        ]
                    ],
                    [
                        -0.004569084383547306,
                        -0.0007661112467758358,
                        -0.0017899322556331754,
                        0.00402521388605237
                    ]
                ]
            },
            {
                "type": "dense",
                "activation": "tanh",
                "shape": [
                    null,
                    4
                ],
                "weights": [
                    [
                        [
                            -0.20765872299671173,
                            -0.4573073089122772,
                            -0.5515557527542114,
                            -0.5846627354621887
                        ],
                        [
                            0.2451041340827942,
                            0.464279443025589,
                            0.27005741000175476,
                            -0.19826862215995789
                        ],
                        [
                            -0.33011969923973083,
                            0.3000239431858063,
                            -0.16769607365131378,
                            -0.5655723214149475
                        ],
                        [
                            -0.4805457293987274,
                            0.16710317134857178,
                            -0.029075277969241142,
                            -0.25011762976646423
                        ]
                    ],
                    [
                        0.0013867425732314587,
                        0.002103339647874236,
                        0.0033588004298508167,
                        0.0012160094920545816
                    ]
                ]
            },
            {
                "type": "dense",
                "activation": "",
                "shape": [
                    null,
                    1
                ],
                "weights": [
                    [
                        [
                            0.18087045848369598
                        ],
                        [
                            -0.20036567747592926
                        ],
                        [
                            0.6678488254547119
                        ],
                        [
                            -0.6942579746246338
                        ]
                    ],
                    [
                        -0.00039716940955258906
                    ]
                ]
            }
        ]
    },
    "drive_100_80": {
        "in_shape": [
            null,
            5
        ],
        "layers": [
            {
                "type": "dense",
                "activation": "tanh",
                "shape": [
                    null,
                    4
                ],
                "weights": [
                    [
                        [
                            0.04762713238596916,
                            -0.5086450576782227,
                            -0.1722363382577896,
                            0.9264611005783081
                        ],
                        [
                            -0.26824989914894104,
                            0.26169419288635254,
                            -0.2626153230667114,
                            -0.01686064712703228
                        ],
                        [
                            -0.7395206093788147,
                            0.09243133664131165,
                            -0.49777206778526306,
                            -0.2889586389064789
                        ],
                        [
                            -0.21608494222164154,
                            0.24558034539222717,
                            -0.6390461921691895,
                            0.4192539155483246
                        ],
                        [
                            0.4068649113178253,
                            -0.8816519975662231,
                            -0.09837260097265244,
                            0.48953527212142944
                        ]
                    ],
                    [
                        0.002810184843838215,
                        -0.00035040327929891646,
                        0.0014869023580104113,
                        -0.001976681174710393
                    ]
                ]
            },
            {
                "type": "dense",
                "activation": "tanh",
                "shape": [
                    null,
                    4
                ],
                "weights": [
                    [
                        [
                            0.8103598952293396,
                            -0.0729585662484169,
                            -0.5741196870803833,
                            -0.4002232551574707
                        ],
                        [
                            -0.5786347985267639,
                            -0.45463305711746216,
                            0.8374467492103577,
                            -0.5285496711730957
                        ],
                        [
                            0.0373881496489048,
                            0.5712940692901611,
                            0.17925165593624115,
                            0.3756534457206726
                        ],
                        [
                            0.2910216152667999,
                            0.031840164214372635,
                            0.5789507627487183,
                            -0.4119599759578705
                        ]
                    ],
                    [
                        0.000286739639705047,
                        3.8467096601380035e-05,
                        0.0012289053993299603,
                        0.0009248033165931702
                    ]
                ]
            },
            {
                "type": "dense",
                "activation": "",
                "shape": [
                    null,
                    1
                ],
                "weights": [
                    [
                        [
                            -0.3038734793663025
                        ],
                        [
                            -0.8839415311813354
                        ],
                        [
                            -0.3976081609725952
                        ],
                        [
                            0.3434046506881714
                        ]
                    ],
                    [
                        0.0002689254761207849
                    ]
                ]
            }
        ]
    }
}