{
    "drive_0_0": {
        "in_shape": [
            null,
            5
        ],
        "layers": [
            {
                "type": "dense",
                "activation": "tanh",
                "shape": [
                    null,
                    4
                ],
                "weights": [
                    [
                        [
                            -0.3838985562324524,
                            0.6514065265655518,
                            -0.3130311667919159,
                            -0.6012476682662964
                        ],
                        [
                            -0.1512528359889984,
                            0.8709132671356201,
                            0.8421193957328796,
                            -0.1209956482052803
                        ],
                        [
                            0.00805120263248682,
                            0.2968045771121979,
                            -0.313728392124176,
                            0.8106476664543152
                        ],
                        [
                            -0.4329283535480499,
                            0.13254141807556152,
                            -0.1861957311630249,
                            0.1284332573413849
                        ],
                        [
                            0.37197181582450867,
                            0.32712888717651367,
                            0.12333491444587708,
                            0.9722179174423218
                        ]
                    ],
                    [
                        -0.0703265443444252,
                        0.0006420251447707415,
                        0.0023529541213065386,
                        0.024875136092305183
                    ]
                ]
            },
            {
                "type": "dense",
                "activation": "tanh",
                "shape": [
                    null,
                    4
                ],
                "weights": [
                    [
                        [
                            -0.5492371320724487,
                            -0.11236018687486649,
                            1.016867995262146,
                            -0.2548956871032715
                        ],
                        [
                            -0.4289317727088928,
                            0.07445983588695526,
                            -0.09711115062236786,
                            0.09645948559045792
                        ],
                        [
                            -0.05926113948225975,
                            -0.41058632731437683,
                            0.5772331357002258,
                            0.5014914274215698
                        ],
                        [
                            0.8354715704917908,
                            0.08827757090330124,
                            0.329765260219574,
                            0.6428239941596985
                        ]
                    ],
                    [
                        -0.004691407084465027,
                        -0.00559362955391407,
                        -0.0265018492937088,
                        0.0031592389568686485
                    ]
                ]
            },
            {
                "type": "dense",
                "activation": "",
                "shape": [
                    null,
                    1
                ],
                "weights": [
                    [
                        [
                            -0.4146431088447571
                        ],
                        [
                            0.04704311862587929
                        ],
                        [
                            -0.3302168548107147
                        ],
                        [
                            -0.23173151910305023
                        ]
                    ],
                    [
                        -8.580941357649863e-05
                    ]
                ]
            }
        ]
    },
    "drive_5_0": {
        "in_shape": [
            null,
            5
        ],
        "layers": [
            {
                "type": "dense",
                "activation": "tanh",
                "shape": [
                    null,
                    4
                ],
                "weights": [
                    [
                        [
                            0.02292000688612461,
                            -0.28872644901275635,
                            -0.07529820501804352,
                            0.2219475954771042
                        ],
                        [
                            -0.00532841682434082,
                            -0.22286570072174072,
                            -0.053378548473119736,
                            -0.1578788459300995
                        ],
                        [
                            0.33620205521583557,
                            -0.7586550712585449,
                            -0.04887719824910164,
                            -0.1998865157365799
                        ],
                        [
                            -0.04128573462367058,
                            -0.1631598174571991,
                            -0.04175415262579918,
                            -0.11228752136230469
                        ],
                        [
                            -0.5999683141708374,
                            0.437776654958725,
                            -0.610847532749176,
                            0.6826865077018738
                        ]
                    ],
                    [
                        0.03691871464252472,
                        -0.029734518378973007,
                        -0.042322076857089996,
                        0.17613646388053894
                    ]
                ]
            },
            {
                "type": "dense",
                "activation": "tanh",
                "shape": [
                    null,
                    4
                ],
                "weights": [
                    [
                        [
                            -0.5023030638694763,
                            -0.5105711817741394,
                            -0.5008331537246704,
                            -0.015923745930194855
                        ],
                        [
                            -0.5281251668930054,
                            -0.32257869839668274,
                            0.6872531175613403,
                            -0.006195359863340855
                        ],
                        [
                            0.506262481212616,
                            0.31642258167266846,
                            -0.4314955174922943,
                            0.7445818185806274
                        ],
                        [
                            -0.6111181378364563,
                            -0.5164400935173035,
                            -0.13704445958137512,
                            0.6879772543907166
                        ]
                    ],
                    [
                        -0.04211263358592987,
                        0.006747017148882151,
                        -0.04207051172852516,
                        0.06349785625934601
                    ]
                ]
            },
            {
                "type": "dense",
                "activation": "",
                "shape": [
                    null,
                    1
                ],
                "weights": [
                    [
                        [
                            0.3633321225643158
                        ],
                        [
                            1.1185359954833984
                        ],
                        [
                            -0.5545371770858765
                        ],
                        [
                            0.5837492346763611
                        ]
                    ],
                    [
                        0.043169133365154266
                    ]
                ]
            }
        ]
    },
    "drive_10_0": {
        "in_shape": [
            null,
            5
        ],
        "layers": [
            {
                "type": "dense",
                "activation": "tanh",
                "shape": [
                    null,
                    4
                ],
                "weights": [
                    [
                        [
                            0.6874896287918091,
                            0.14092698693275452,
                            0.3369216024875641,
                            -0.1511436253786087
                        ],
                        [
                            0.18452692031860352,
                            -0.032478660345077515,
                            -0.23565605282783508,
                            -0.4373483955860138
                        ],
                        [
                            0.32952702045440674,
                            0.015785297378897667,
                            -0.5205015540122986,
                            0.43452879786491394
                        ],
                        [
                            0.13650576770305634,
                            -0.1546425074338913,
                            -0.20700834691524506,
                            -0.3152032196521759
                        ],
                        [
                            -0.14387772977352142,
                            0.5672314167022705,
                            -0.7057754993438721,
                            -0.6060036420822144
                        ]
                    ],
                    [
                        0.032821040600538254,
                        0.06830072402954102,
                        -0.061635054647922516,
                        0.04725733771920204
                    ]
                ]
            },
            {
                "type": "dense",
                "activation": "tanh",
                "shape": [
                    null,
                    4
                ],
                "weights": [
                    [
                        [
                            0.4967925250530243,
                            -0.13561078906059265,
                            0.104828841984272,
                            0.6173438429832458
                        ],
                        [
                            -0.3471886217594147,
                            -0.06562500447034836,
                            0.09088517725467682,
                            -0.26330041885375977
                        ],
                        [
                            -0.5257394909858704,
                            0.06618960201740265,
                            0.21678847074508667,
                            0.849125862121582
                        ],
                        [
                            0.9462565183639526,
                            -0.5944734811782837,
                            0.5446240901947021,
                            -0.39402034878730774
                        ]
                    ],
                    [
                        0.01033373735845089,
                        0.0316808708012104,
                        0.029797127470374107,
                        -0.03035392053425312
                    ]
                ]
            },
            {
                "type": "dense",
                "activation": "",
                "shape": [
                    null,
                    1
                ],
                "weights": [
                    [
                        [
                            0.42276647686958313
                        ],
                        [
                            0.9253682494163513
                        ],
                        [
                            0.9704571962356567
                        ],
                        [
                            1.0113232135772705
                        ]
                    ],
                    [
                        0.0239231139421463
                    ]
                ]
            }
        ]
    },
    "drive_15_0": {
        "in_shape": [
            null,
            5
        ],
        "layers": [
            {
                "type": "dense",
                "activation": "tanh",
                "shape": [
                    null,
                    4
                ],
                "weights": [
                    [
                        [
                            -0.27029213309288025,
                            0.24037232995033264,
                            -0.5780303478240967,
                            0.14804209768772125
                        ],
                        [
                            -0.027276229113340378,
                            -0.2812831699848175,
                            -0.007905126549303532,
                            -0.13467268645763397
                        ],
                        [
                            0.297626793384552,
                            -0.5870926380157471,
                            0.154938742518425,
                            0.15071114897727966
                        ],
                        [
                            0.3963538706302643,
                            -0.07038334757089615,
                            -0.1658380776643753,
                            -0.09108538180589676
                        ],
                        [
                            0.2730077803134918,
                            0.5372386574745178,
                            -0.022429874166846275,
                            0.7493811845779419
                        ]
                    ],
                    [
                        0.002219696994870901,
                        0.0005877804942429066,
                        0.0008810905856080353,
                        -0.0006954100099392235
                    ]
                ]
            },
            {
                "type": "dense",
                "activation": "tanh",
                "shape": [
                    null,
                    4
                ],
                "weights": [
                    [
                        [
                            -0.0033460555132478476,
                            -0.8266553282737732,
                            0.5230649709701538,
                            0.2783149182796478
                        ],
                        [
                            0.8354803919792175,
                            -0.43104925751686096,
                            -0.037984829396009445,
                            -0.3792775273323059
                        ],
                        [
                            0.8969898223876953,
                            0.3760375678539276,
                            0.34495142102241516,
                            0.4849671423435211
                        ],
                        [
                            -0.623353123664856,
                            0.18927216529846191,
                            -0.623193621635437,
                            -0.7230220437049866
                        ]
                    ],
                    [
                        -0.00013477314496412873,
                        0.0005711298435926437,
                        -0.00046709011076018214,
                        0.0010122627718374133
                    ]
                ]
            },
            {
                "type": "dense",
                "activation": "",
                "shape": [
                    null,
                    1
                ],
                "weights": [
                    [
                        [
                            -0.8166049718856812
                        ],
                        [
                            0.2522274851799011
                        ],
                        [
                            0.8814339637756348
                        ],
                        [
                            0.33910319209098816
                        ]
                    ],
                    [
                        -0.00042865853174589574
                    ]
                ]
            }
        ]
    },
    "drive_20_0": {
        "in_shape": [
            null,
            5
        ],
        "layers": [
            {
                "type": "dense",
                "activation": "tanh",
                "shape": [
                    null,
                    4
                ],
                "weights": [
                    [
                        [
                            0.8085237741470337,
                            0.5636249780654907,
                            -0.2628979980945587,
                            -0.47163447737693787
                        ],
                        [
                            0.1841643750667572,
                            -0.023522639647126198,
                            0.18988774716854095,
                            -0.2235480099916458
                        ],
                        [
                            -0.278425395488739,
                            0.01859424076974392,
                            -0.03363702446222305,
                            0.9522754549980164
                        ],
                        [
                            -0.030476408079266548,
                            0.09413386881351471,
                            0.11947539448738098,
                            -0.010491413064301014
                        ],
                        [
                            -0.11556852608919144,
                            -0.7489398121833801,
                            -1.0541765689849854,
                            -0.17089608311653137
                        ]
                    ],
                    [
                        0.0006045281770639122,
                        -0.001345911412499845,
                        0.0008064492139965296,
                        0.0006404805462807417
                    ]
                ]
            },
            {
                "type": "dense",
                "activation": "tanh",
                "shape": [
                    null,
                    4
                ],
                "weights": [
                    [
                        [
                            -0.46898847818374634,
                            -0.2179294377565384,
                            0.35884153842926025,
                            0.7831927537918091
                        ],
                        [
                            0.8567310571670532,
                            0.2828964591026306,
                            -0.4099411368370056,
                            0.7563923597335815
                        ],
                        [
                            0.4194880425930023,
                            -0.6653900742530823,
                            0.8612913489341736,
                            -0.48586273193359375
                        ],
                        [
                            -0.0709565207362175,
                            0.07123518735170364,
                            -0.6564981341362,
                            0.5593311786651611
                        ]
                    ],
                    [
                        0.0001027404359774664,
                        -0.0004186987061984837,
                        2.123033846146427e-05,
                        -0.0004621376865543425
                    ]
                ]
            },
            {
                "type": "dense",
                "activation": "",
                "shape": [
                    null,
                    1
                ],
                "weights": [
                    [
                        [
                            0.36502131819725037
                        ],
                        [
                            -0.8549038767814636
                        ],
                        [
                            -0.09846166521310806
                        ],
                        [
                            0.5010124444961548
                        ]
                    ],
                    [
                        -0.00022434288985095918
                    ]
                ]
            }
        ]
    },
    "drive_25_0": {
        "in_shape": [
            null,
            5
        ],
        "layers": [
            {
                "type": "dense",
                "activation": "tanh",
                "shape": [
                    null,
                    4
                ],
                "weights": [
                    [
                        [
                            -0.3661209046840668,
                            -0.09414449334144592,
                            -0.0889601930975914,
                            -0.0547502376139164
                        ],
                        [
                            0.16713900864124298,
                            0.03747701644897461,
                            -0.017241250723600388,
                            -0.2774119973182678
                        ],
                        [
                            0.6732062697410583,
                            0.5000556707382202,
                            0.8733556270599365,
                            -0.7831012606620789
                        ],
                        [
                            -0.00838318932801485,
                            -0.44340187311172485,
                            -0.021175770089030266,
                            -0.1730472296476364
                        ],
                        [
                            0.5641841888427734,
                            0.5860551595687866,
                            0.08818051218986511,
                            0.4411238729953766
                        ]
                    ],
                    [
                        -0.000394881033571437,
                        0.0019145823316648602,
                        -0.001919884467497468,
                        0.00118317361921072
                    ]
                ]
            },
            {
                "type": "dense",
                "activation": "tanh",
                "shape": [
                    null,
                    4
                ],
                "weights": [
                    [
                        [
                            -0.056873004883527756,
                            -0.6235025525093079,
                            -0.2766176760196686,
                            -0.23566190898418427
                        ],
                        [
                            0.14794418215751648,
                            0.6697874665260315,
                            0.028544411063194275,
                            -0.4910854697227478
                        ],
                        [
                            0.13038241863250732,
                            -0.3277100920677185,
                            0.5491790175437927,
                            0.23438628017902374
                        ],
                        [
                            0.18341994285583496,
                            -0.42561471462249756,
                            -1.0678132772445679,
                            0.12451278418302536
                        ]
                    ],
                    [
                        5.790104842162691e-05,
                        -0.0004687668988481164,
                        0.001845642807893455,
                        -0.00039372246828861535
                    ]
                ]
            },
            {
                "type": "dense",
                "activation": "",
                "shape": [
                    null,
                    1
                ],
                "weights": [
                    [
                        [
                            -0.9005533456802368
                        ],
                        [
                            0.7754732370376587
                        ],
                        [
                            0.2125760018825531
                        ],
                        [
                            0.6020175218582153
                        ]
                    ],
                    [
                        0.0003368701145518571
                    ]
                ]
            }
        ]
    },
    "drive_30_0": {
        "in_shape": [
            null,
            5
        ],
        "layers": [
            {
                "type": "dense",
                "activation": "tanh",
                "shape": [
                    null,
                    4
                ],
                "weights": [
                    [
                        [
                            -0.7309674620628357,
                            0.3441327214241028,
                            -0.5160689949989319,
                            -0.10000040382146835
                        ],
                        [
                            -0.13230504095554352,
                            -0.32338616251945496,
                            -0.20129510760307312,
                            -0.043219588696956635
                        ],
                        [
                            -0.30029428005218506,
                            0.6077526211738586,
                            0.02146078459918499,
                            0.3331412971019745
                        ],
                        [
                            -0.07637500762939453,
                            -0.46762803196907043,
                            -0.29208123683929443,
                            -0.06638791412115097
                        ],
                        [
                            0.3112936317920685,
                            -0.3331236243247986,
                            0.22385932505130768,
                            0.8532273173332214
                        ]
                    ],
                    [
                        0.005386529956012964,
                        -0.0007619255338795483,
                        -0.004723751451820135,
                        -0.0007527034031227231
                    ]
                ]
            },
            {
                "type": "dense",
                "activation": "tanh",
                "shape": [
                    null,
                    4
                ],
                "weights": [
                    [
                        [
                            0.3777499496936798,
                            -0.41707900166511536,
                            -0.2539084851741791,
                            0.3178529441356659
                        ],
                        [
                            -0.02140701189637184,
                            0.20812729001045227,
                            -0.5144453644752502,
                            0.12727977335453033
                        ],
                        [
                            -0.5194893479347229,
                            -0.5089206695556641,
                            0.3955799341201782,
                            0.8298789262771606
                        ],
                        [
                            -0.5300093293190002,
                            -0.21322719752788544,
                            -0.5444528460502625,
                            0.33670133352279663
                        ]
                    ],
                    [
                        0.0006145418155938387,
                        -0.00046944484347477555,
                        -0.0008208025246858597,
                        9.323254744231235e-06
                    ]
                ]
            },
            {
                "type": "dense",
                "activation": "",
                "shape": [
                    null,
                    1
                ],
                "weights": [
                    [
                        [
                            0.5450316071510315
                        ],
                        [
                            1.089497447013855
                        ],
                        [
                            0.3074478209018707
                        ],
                        [
                            0.5958103537559509
                        ]
                    ],
                    [
                        -0.00023126507585402578
                    ]
                ]
            }
        ]
    },
    "drive_35_0": {
        "in_shape": [
            null,
            5
        ],
        "layers": [
            {
                "type": "dense",
                "activation": "tanh",
                "shape": [
                    null,
                    4
                ],
                "weights": [
                    [
                        [
                            0.5420994162559509,
                            -0.8788662552833557,
                            -0.3048710823059082,
                            0.5472279787063599
                        ],
                        [
                            0.17377886176109314,
                            -0.13559991121292114,
                            -0.7285667061805725,
                            -0.297026664018631
                        ],
                        [
                            0.290926456451416,
                            0.1013280600309372,
                            0.004266256466507912,
                            -0.37108322978019714
                        ],
                        [
                            -0.17710264027118683,
                            -0.025290919467806816,
                            -0.5804141163825989,
                            -0.24457482993602753
                        ],
                        [
                            0.648715078830719,
                            -0.20803318917751312,
                            -0.2988108694553375,
                            0.9722809791564941
                        ]
                    ],
                    [
                        -0.0010810942621901631,
                        0.0016282551223412156,
                        0.001541214413009584,
                        -0.0006296971696428955
                    ]
                ]
            },
            {
                "type": "dense",
                "activation": "tanh",
                "shape": [
                    null,
                    4
                ],
                "weights": [
                    [
                        [
                            0.2539786994457245,
                            -0.9612314701080322,
                            0.8077769875526428,
                            0.8093000054359436
                        ],
                        [
                            0.5615121126174927,
                            0.4054056406021118,
                            0.6741180419921875,
                            0.6041421890258789
                        ],
                        [
                            0.4770868718624115,
                            -0.40414920449256897,
                            -0.07730706036090851,
                            -0.5063995718955994
                        ],
                        [
                            0.43080392479896545,
                            0.1324337273836136,
                            0.2686278522014618,
                            0.7442438006401062
                        ]
                    ],
                    [
                        0.0003962251066695899,
                        -0.0007293943781405687,
                        -0.0010995448101311922,
                        -0.0010358018334954977
                    ]
                ]
            },
            {
                "type": "dense",
                "activation": "",
                "shape": [
                    null,
                    1
                ],
                "weights": [
                    [
                        [
                            -0.2904396057128906
                        ],
                        [
                            -0.4472360908985138
                        ],
                        [
                            -0.42108047008514404
                        ],
                        [
                            -0.31739938259124756
                        ]
                    ],
                    [
                        -0.000515538442414254
                    ]
                ]
            }
        ]
    },
    "drive_40_0": {
        "in_shape": [
            null,
            5
        ],
        "layers": [
            {
                "type": "dense",
                "activation": "tanh",
                "shape": [
                    null,
                    4
                ],
                "weights": [
                    [
                        [
                            -0.31662020087242126,
                            -0.4861934781074524,
                            0.4723416566848755,
                            -0.19635160267353058
                        ],
                        [
                            0.24185210466384888,
                            -0.1817300021648407,
                            -0.06432695686817169,
                            0.18011441826820374
                        ],
                        [
                            0.0011628008214756846,
                            -0.41134047508239746,
                            0.33660975098609924,
                            -0.09246022254228592
                        ],
                        [
                            -0.27145737409591675,
                            -0.024979352951049805,
                            -0.29167503118515015,
                            -0.375645250082016
                        ],
                        [
                            -0.5268506407737732,
                            0.960218608379364,
                            0.02957751974463463,
                            -0.23288150131702423
                        ]
                    ],
                    [
                        0.0022891603875905275,
                        0.0016810144297778606,
                        -0.0011704697972163558,
                        0.001179938088171184
                    ]
                ]
            },
            {
                "type": "dense",
                "activation": "tanh",
                "shape": [
                    null,
                    4
                ],
                "weights": [
                    [
                        [
                            -0.08149558305740356,
                            0.5374546051025391,
                            0.05258040502667427,
                            0.5858163833618164
                        ],
                        [
                            0.14209632575511932,
                            -0.39680686593055725,
                            0.3922555446624756,
                            -0.06291695684194565
                        ],
                        [
                            0.5579203963279724,
                            1.244631052017212,
                            -0.3267921805381775,
                            -0.49262937903404236
                        ],
                        [
                            -0.13006825745105743,
                            -0.4114094078540802,
                            0.557018518447876,
                            -0.20181463658809662
                        ]
                    ],
                    [
                        -1.821926525735762e-05,
                        0.0019204876152798533,
                        0.00030131652601994574,
                        -0.00010121647210326046
                    ]
                ]
            },
            {
                "type": "dense",
                "activation": "",
                "shape": [
                    null,
                    1
                ],
                "weights": [
                    [
                        [
                            -0.8934326767921448
                        ],
                        [
                            0.24680480360984802
                        ],
                        [
                            -0.650593101978302
                        ],
                        [
                            0.45983168482780457
                        ]
                    ],
                    [
                        -9.901028533931822e-05
                    ]
                ]
            }
        ]
    },
    "drive_45_0": {
        "in_shape": [
            null,
            5
        ],
        "layers": [
            {
                "type": "dense",
                "activation": "tanh",
                "shape": [
                    null,
                    4
                ],
                "weights": [
                    [
                        [
                            -0.056515488773584366,
                            0.9010753035545349,
                            0.30657491087913513,
                            0.4116624891757965
                        ],
                        [
                            0.029282867908477783,
                            -0.022639205679297447,
                            0.6300674676895142,
                            0.6129300594329834
                        ],
                        [
                            0.44372162222862244,
                            -0.3458189070224762,
                            0.03606409579515457,
                            0.2768707871437073
                        ],
                        [
                            -0.08611128479242325,
                            0.04996529594063759,
                            -0.0978068858385086,
                            -0.05031910166144371
                        ],
                        [
                            0.8249531388282776,
                            0.4302539825439453,
                            0.17698241770267487,
                            -0.8421944975852966
                        ]
                    ],
                    [
                        -0.0011560419807210565,
                        -0.0027474870439618826,
                        -0.001315915142185986,
                        -0.0007755558472126722
                    ]
                ]
            },
            {
                "type": "dense",
                "activation": "tanh",
                "shape": [
                    null,
                    4
                ],
                "weights": [
                    [
                        [
                            0.7256293296813965,
                            0.3051857352256775,
                            0.15068896114826202,
                            0.7019098401069641
                        ],
                        [
                            -0.2293117493391037,
                            0.284527987241745,
                            0.7766579985618591,
                            -0.49181821942329407
                        ],
                        [
                            -0.23267261683940887,
                            -0.047549281269311905,
                            -0.6939049363136292,
                            -0.08037211000919342
                        ],
                        [
                            -0.020500773563981056,
                            -0.3399509787559509,
                            0.6173263192176819,
                            -0.6590501666069031
                        ]
                    ],
                    [
                        -0.0004074880853295326,
                        -0.000343893509125337,
                        0.0008046241709962487,
                        9.67683590715751e-05
                    ]
                ]
            },
            {
                "type": "dense",
                "activation": "",
                "shape": [
                    null,
                    1
                ],
                "weights": [
                    [
                        [
                            -0.6106160879135132
                        ],
                        [
                            -0.7899331450462341
                        ],
                        [
                            0.7220955491065979
                        ],
                        [
                            0.46585264801979065
                        ]
                    ],
                    [
                        -0.0009424771415069699
                    ]
                ]
            }
        ]
    },
    "drive_50_0": {
        "in_shape": [
            null,
            5
        ],
        "layers": [
            {
                "type": "dense",
                "activation": "tanh",
                "shape": [
                    null,
                    4
                ],
                "weights": [
                    [
                        [
                            0.6306174993515015,
                            0.3659497797489166,
                            0.006021265406161547,
                            -0.3769550025463104
                        ],
                        [
                            -0.1284862607717514,
                            -0.354746013879776,
                            -0.1829395294189453,
                            -0.09251579642295837
                        ],
                        [
                            -0.05192263796925545,
                            -0.6206103563308716,
                            -0.20762433111667633,
                            -0.36527594923973083
                        ],
                        [
                            -0.2171746790409088,
                            -0.5414124131202698,
                            -0.3786977529525757,
                            0.061211977154016495
                        ],
                        [
                            0.04545249417424202,
                            -0.6758558750152588,
                            -0.36070576310157776,
                            0.8856180906295776
                        ]
                    ],
                    [
                        -0.0007824038621038198,
                        -0.0002721151686273515,
                        -0.0004644162254408002,
                        0.0010931208962574601
                    ]
                ]
            },
            {
                "type": "dense",
                "activation": "tanh",
                "shape": [
                    null,
                    4
                ],
                "weights": [
                    [
                        [
                            0.6365715861320496,
                            0.8496420383453369,
                            0.603999674320221,
                            -0.7230666875839233
                        ],
                        [
                            -0.18086875975131989,
                            -0.31909361481666565,
                            -0.5939009189605713,
                            -0.31281977891921997
                        ],
                        [
                            0.007253401912748814,
                            -0.5584762096405029,
                            0.4353264570236206,
                            -0.07878290116786957
                        ],
                        [
                            0.5816910266876221,
                            -0.014870413579046726,
                            -0.09240808337926865,
                            1.1280326843261719
                        ]
                    ],
                    [
                        0.0001025631427182816,
                        -0.0002945545711554587,
                        -0.00039609710802324116,
                        -0.0018030668143182993
                    ]
                ]
            },
            {
                "type": "dense",
                "activation": "",
                "shape": [
                    null,
                    1
                ],
                "weights": [
                    [
                        [
                            -1.0011245012283325
                        ],
                        [
                            0.7422404289245605
                        ],
                        [
                            -0.8415029048919678
                        ],
                        [
                            -0.11668132245540619
                        ]
                    ],
                    [
                        -9.154541476164013e-05
                    ]
                ]
            }
        ]
    },
    "drive_55_0": {
        "in_shape": [
            null,
            5
        ],
        "layers": [
            {
                "type": "dense",
                "activation": "tanh",
                "shape": [
                    null,
                    4
                ],
                "weights": [
                    [
                        [
                            0.0030495082028210163,
                            -0.39388924837112427,
                            -0.597942054271698,
                            -0.15929296612739563
                        ],
                        [
                            -0.43659642338752747,
                            -0.16166187822818756,
                            0.21695658564567566,
                            0.34357962012290955
                        ],
                        [
                            0.20065994560718536,
                            -0.39619630575180054,
                            0.392218679189682,
                            0.3307693600654602
                        ],
                        [
                            0.11537683010101318,
                            -0.07040589302778244,
                            0.2439010590314865,
                            0.13623221218585968
                        ],
                        [
                            0.5074689984321594,
                            0.8205286860466003,
                            -0.7325137853622437,
                            0.15168322622776031
                        ]
                    ],
                    [
                        0.005343504715710878,
                        0.002433665795251727,
                        0.0011458707740530372,
                        -0.0024352038744837046
                    ]
                ]
            },
            {
                "type": "dense",
                "activation": "tanh",
                "shape": [
                    null,
                    4
                ],
                "weights": [
                    [
                        [
                            -0.7511627078056335,
                            0.43276509642601013,
                            0.36818018555641174,
                            -0.27216634154319763
                        ],
                        [
                            0.7620100378990173,
                            -0.15056702494621277,
                            -0.02723720110952854,
                            0.44588229060173035
                        ],
                        [
                            0.6951664686203003,
                            -0.8106590509414673,
                            -0.09602466970682144,
                            0.005332889035344124
                        ],
                        [
                            -0.8576392531394958,
                            0.5281875729560852,
                            0.6774595379829407,
                            -0.41019687056541443
                        ]
                    ],
                    [
                        -0.0009673572494648397,
                        -0.00021132617257535458,
                        -0.0005365444230847061,
                        -9.776686783879995e-05
                    ]
                ]
            },
            {
                "type": "dense",
                "activation": "",
                "shape": [
                    null,
                    1
                ],
                "weights": [
                    [
                        [
                            -0.31749239563941956
                        ],
                        [
                            -0.8414098620414734
                        ],
                        [
                            -0.06676080822944641
                        ],
                        [
                            -0.6707038879394531
                        ]
                    ],
                    [
                        -0.00014561972056981176
                    ]
                ]
            }
        ]
    },
    "drive_60_0": {
        "in_shape": [
            null,
            5
        ],
        "layers": [
            {
                "type": "dense",
                "activation": "tanh",
                "shape": [
                    null,
                    4
                ],
                "weights": [
                    [
                        [
                            0.5277385711669922,
                            0.17386086285114288,
                            0.33633917570114136,
                            0.1569715440273285
                        ],
                        [
                            -0.5572953224182129,
                            -0.1303958147764206,
                            -0.1120048388838768,
                            0.25599122047424316
                        ],
                        [
                            -0.7051605582237244,
                            0.8696216940879822,
                            -0.04432234168052673,
                            0.578276515007019
                        ],
                        [
                            -0.04878845810890198,
                            -0.7587324380874634,
                            -0.196252703666687,
                            0.22846630215644836
                        ],
                        [
                            0.9126994013786316,
                            -0.2562870681285858,
                            1.0264934301376343,
                            0.1121579110622406
                        ]
                    ],
                    [
                        0.00020400983339641243,
                        -0.0013180566020309925,
                        -0.001144508714787662,
                        -0.001872657216154039
                    ]
                ]
            },
            {
                "type": "dense",
                "activation": "tanh",
                "shape": [
                    null,
                    4
                ],
                "weights": [
                    [
                        [
                            0.5545583367347717,
                            -0.1928333044052124,
                            -0.014867165125906467,
                            0.141060009598732
                        ],
                        [
                            0.3755258023738861,
                            0.006288588512688875,
                            0.504883348941803,
                            -0.13822677731513977
                        ],
                        [
                            0.21600942313671112,
                            -0.7864406108856201,
                            -0.15712620317935944,
                            0.3561129570007324
                        ],
                        [
                            -0.8321524858474731,
                            -0.2453639954328537,
                            0.03610552102327347,
                            -0.5853984355926514
                        ]
                    ],
                    [
                        0.0012285689590498805,
                        0.0019723186269402504,
                        -0.0003363757859915495,
                        0.0008482086122967303
                    ]
                ]
            },
            {
                "type": "dense",
                "activation": "",
                "shape": [
                    null,
                    1
                ],
                "weights": [
                    [
                        [
                            0.21803727746009827
                        ],
                        [
                            0.24106867611408234
                        ],
                        [
                            -0.31588244438171387
                        ],
                        [
                            -0.903086245059967
                        ]
                    ],
                    [
                        7.406355143757537e-05
                    ]
                ]
            }
        ]
    },
    "drive_65_0": {
        "in_shape": [
            null,
            5
        ],
        "layers": [
            {
                "type": "dense",
                "activation": "tanh",
                "shape": [
                    null,
                    4
                ],
                "weights": [
                    [
                        [
                            -0.3251665234565735,
                            0.2921847403049469,
                            0.050810813903808594,
                            -0.44422221183776855
                        ],
                        [
                            -0.18842732906341553,
                            0.024868100881576538,
                            -0.21443971991539001,
                            0.08558721840381622
                        ],
                        [
                            -0.4192775785923004,
                            0.16113728284835815,
                            0.5987426042556763,
                            0.43162527680397034
                        ],
                        [
                            -0.02183515951037407,
                            -0.15874508023262024,
                            -0.02851271443068981,
                            0.0016289588529616594
                        ],
                        [
                            0.9896570444107056,
                            0.3709006905555725,
                            0.9267486333847046,
                            0.17377044260501862
                        ]
                    ],
                    [
                        0.001429255004040897,
                        -0.003050171071663499,
                        0.0002960806305054575,
                        0.0011535767698660493
                    ]
                ]
            },
            {
                "type": "dense",
                "activation": "tanh",
                "shape": [
                    null,
                    4
                ],
                "weights": [
                    [
                        [
                            0.10439091175794601,
                            0.341685950756073,
                            -0.3570653200149536,
                            0.8291173577308655
                        ],
                        [
                            0.42453286051750183,
                            0.48713505268096924,
                            -0.5825428366661072,
                            0.21887122094631195
                        ],
                        [
                            0.5062685608863831,
                            0.0669584721326828,
                            -0.432943195104599,
                            -0.7425053715705872
                        ],
                        [
                            0.11120365560054779,
                            -0.36634328961372375,
                            0.6468485593795776,
                            0.9134827256202698
                        ]
                    ],
                    [
                        0.0011290409602224827,
                        -0.00027796562062576413,
                        -0.0007702753646299243,
                        -0.0006322326371446252
                    ]
                ]
            },
            {
                "type": "dense",
                "activation": "",
                "shape": [
                    null,
                    1
                ],
                "weights": [
                    [
                        [
                            -0.2935276925563812
                        ],
                        [
                            0.33579233288764954
                        ],
                        [
                            0.45269709825515747
                        ],
                        [
                            -0.43615010380744934
                        ]
                    ],
                    [
                        0.00044851607526652515
                    ]
                ]
            }
        ]
    },
    "drive_70_0": {
        "in_shape": [
            null,
            5
        ],
        "layers": [
            {
                "type": "dense",
                "activation": "tanh",
                "shape": [
                    null,
                    4
                ],
                "weights": [
                    [
                        [
                            0.5571249723434448,
                            -0.41120684146881104,
                            -0.174699604511261,
                            -1.0563160181045532
                        ],
                        [
                            -0.21677789092063904,
                            0.018196668475866318,
                            0.23362970352172852,
                            -0.12452168017625809
                        ],
                        [
                            -0.3113921582698822,
                            0.10312578082084656,
                            -0.1679915189743042,
                            -0.20620939135551453
                        ],
                        [
                            -0.18565009534358978,
                            -0.025334572419524193,
                            0.3833317756652832,
                            -0.05736314132809639
                        ],
                        [
                            0.4378804564476013,
                            0.5597386956214905,
                            -0.15533405542373657,
                            0.2061062604188919
                        ]
                    ],
                    [
                        -0.0005161958397366107,
                        0.0006920715677551925,
                        0.0037126089446246624,
                        0.0021889973431825638
                    ]
                ]
            },
            {
                "type": "dense",
                "activation": "tanh",
                "shape": [
                    null,
                    4
                ],
                "weights": [
                    [
                        [
                            -0.8637378811836243,
                            -0.10426300764083862,
                            0.7783183455467224,
                            0.06385059654712677
                        ],
                        [
                            0.12073586881160736,
                            0.7068870067596436,
                            0.17791537940502167,
                            0.4194737374782562
                        ],
                        [
                            -0.7062458395957947,
                            0.16064584255218506,
                            -0.3179503381252289,
                            0.2549668848514557
                        ],
                        [
                            -0.7986974716186523,
                            0.33894550800323486,
                            -0.36609500646591187,
                            -0.7614877223968506
                        ]
                    ],
                    [
                        -0.0001313304965151474,
                        -0.00038725510239601135,
                        -0.0006281330133788288,
                        -0.0006886827177368104
                    ]
                ]
            },
            {
                "type": "dense",
                "activation": "",
                "shape": [
                    null,
                    1
                ],
                "weights": [
                    [
                        [
                            0.1891186684370041
                        ],
                        [
                            -0.3654271364212036
                        ],
                        [
                            -0.4936451017856598
                        ],
                        [
                            0.02667679637670517
                        ]
                    ],
                    [
                        -7.882876525400206e-05
                    ]
                ]
            }
        ]
    },
    "drive_75_0": {
        "in_shape": [
            null,
            5
        ],
        "layers": [
            {
                "type": "dense",
                "activation": "tanh",
                "shape": [
                    null,
                    4
                ],
                "weights": [
                    [
                        [
                            0.10329701751470566,
                            0.3567013144493103,
                            0.42375943064689636,
                            -0.05962132662534714
                        ],
                        [
                            -0.04413764551281929,
                            -0.09417495131492615,
                            -0.17252230644226074,
                            0.19518043100833893
                        ],
                        [
                            0.5922839045524597,
                            0.12543745338916779,
                            0.9233977794647217,
                            0.5044131875038147
                        ],
                        [
                            0.23971718549728394,
                            0.0845581665635109,
                            -0.412423312664032,
                            0.22481928765773773
                        ],
                        [
                            0.08113615214824677,
                            0.6137367486953735,
                            0.5088327527046204,
                            -0.6611775755882263
                        ]
                    ],
                    [
                        -0.0012450800277292728,
                        -0.0010854002321138978,
                        -0.0037042186595499516,
                        -0.0005129651399329305
                    ]
                ]
            },
            {
                "type": "dense",
                "activation": "tanh",
                "shape": [
                    null,
                    4
                ],
                "weights": [
                    [
                        [
                            -0.43534085154533386,
                            0.3995327055454254,
                            -0.12051177024841309,
                            0.25074058771133423
                        ],
                        [
                            0.5293889045715332,
                            -0.3618519902229309,
                            0.5995802283287048,
                            -0.7199835181236267
                        ],
                        [
                            -0.4808928966522217,
                            -0.500693678855896,
                            -0.21191541850566864,
                            -0.47789856791496277
                        ],
                        [
                            0.8144469261169434,
                            -1.1500508785247803,
                            0.01986667886376381,
                            0.6181192994117737
                        ]
                    ],
                    [
                        0.0002373039023950696,
                        -0.00022532910224981606,
                        -0.00043932520202361047,
                        0.0005416767089627683
                    ]
                ]
            },
            {
                "type": "dense",
                "activation": "",
                "shape": [
                    null,
                    1
                ],
                "weights": [
                    [
                        [
                            -0.5392172932624817
                        ],
                        [
                            -0.4910948872566223
                        ],
                        [
                            0.1708415001630783
                        ],
                        [
                            0.890295684337616
                        ]
                    ],
                    [
                        -0.00032735089189372957
                    ]
                ]
            }
        ]
    },
    "drive_80_0": {
        "in_shape": [
            null,
            5
        ],
        "layers": [
            {
                "type": "dense",
                "activation": "tanh",
                "shape": [
                    null,
                    4
                ],
                "weights": [
                    [
                        [
                            -0.22372743487358093,
                            0.32417869567871094,
                            0.26906079053878784,
                            0.3898167610168457
                        ],
                        [
                            -0.232046440243721,
                            0.03494962677359581,
                            -0.20085987448692322,
                            0.49685508012771606
                        ],
                        [
                            -0.6402671933174133,
                            0.5099978446960449,
                            0.3889932334423065,
                            0.8220922350883484
                        ],
                        [
                            -0.21658319234848022,
                            -0.42618826031684875,
                            -0.20794862508773804,
                            0.31465211510658264
                        ],
                        [
                            0.8943214416503906,
                            0.22398638725280762,
                            0.976825475692749,
                            0.2658511698246002
                        ]
                    ],
                    [
                        0.0022151360753923655,
                        -0.0025070342235267162,
                        -0.002277366816997528,
                        -0.006038879044353962
                    ]
                ]
            },
            {
                "type": "dense",
                "activation": "tanh",
                "shape": [
                    null,
                    4
                ],
                "weights": [
                    [
                        [
                            -0.13415487110614777,
                            -0.30276408791542053,
                            0.41031503677368164,
                            0.8526663184165955
                        ],
                        [
                            0.27686360478401184,
                            0.1297105997800827,
                            -0.07650263607501984,
                            0.032660502940416336
                        ],
                        [
                            0.9432467818260193,
                            0.4276086091995239,
                            -0.320583701133728,
                            0.5194491147994995
                        ],
                        [
                            -0.5712647438049316,
                            -0.5102208256721497,
                            0.953069269657135,
                            0.5630906820297241
                        ]
                    ],
                    [
                        0.00022218581580091268,
                        -0.0003342401178088039,
                        -0.0002979929558932781,
                        0.0006964406347833574
                    ]
                ]
            },
            {
                "type": "dense",
                "activation": "",
                "shape": [
                    null,
                    1
                ],
                "weights": [
                    [
                        [
                            0.4783281981945038
                        ],
                        [
                            -0.6711666584014893
                        ],
                        [
                            0.17718058824539185
                        ],
                        [
                            -0.46169984340667725
                        ]
                    ],
                    [
                        7.839636236894876e-05
                    ]
                ]
            }
        ]
    },
    "drive_85_0": {
        "in_shape": [
            null,
            5
        ],
        "layers": [
            {
                "type": "dense",
                "activation": "tanh",
                "shape": [
                    null,
                    4
                ],
                "weights": [
                    [
                        [
                            -0.6908140778541565,
                            -0.7342711091041565,
                            0.19522657990455627,
                            -0.07033688575029373
                        ],
                        [
                            -0.10178790986537933,
                            0.3035435080528259,
                            0.11640078574419022,
                            0.17564788460731506
                        ],
                        [
                            -0.23257248103618622,
                            0.19977612793445587,
                            0.10713256895542145,
                            0.5243949294090271
                        ],
                        [
                            -0.21867398917675018,
                            0.284788578748703,
                            0.09568826854228973,
                            0.24429857730865479
                        ],
                        [
                            0.26183274388313293,
                            -0.9828150272369385,
                            -0.07291612029075623,
                            0.6943040490150452
                        ]
                    ],
                    [
                        0.0023533357307314873,
                        0.0028738875407725573,
                        -0.003668526653200388,
                        -0.000223576178541407
                    ]
                ]
            },
            {
                "type": "dense",
                "activation": "tanh",
                "shape": [
                    null,
                    4
                ],
                "weights": [
                    [
                        [
                            0.2039610594511032,
                            -0.6265052556991577,
                            0.05450894311070442,
                            -0.2532702684402466
                        ],
                        [
                            -0.17409470677375793,
                            0.5053978562355042,
                            -0.30136579275131226,
                            1.0205600261688232
                        ],
                        [
                            -0.748532772064209,
                            -0.46520110964775085,
                            -0.8860610723495483,
                            1.2818902730941772
                        ],
                        [
                            0.06497547030448914,
                            0.1932479292154312,
                            -0.9074609279632568,
                            0.058704957365989685
                        ]
                    ],
                    [
                        -0.00014338578330352902,
                        -0.0019904072396457195,
                        0.00038476919871754944,
                        -0.0009413963416591287
                    ]
                ]
            },
            {
                "type": "dense",
                "activation": "",
                "shape": [
                    null,
                    1
                ],
                "weights": [
                    [
                        [
                            -1.0708305835723877
                        ],
                        [
                            0.46263664960861206
                        ],
                        [
                            0.5386269092559814
                        ],
                        [
                            -0.18503236770629883
                        ]
                    ],
                    [
                        0.0006430367939174175
                    ]
                ]
            }
        ]
    },
    "drive_90_0": {
        "in_shape": [
            null,
            5
        ],
        "layers": [
            {
                "type": "dense",
                "activation": "tanh",
                "shape": [
                    null,
                    4
                ],
                "weights": [
                    [
                        [
                            -0.2494046688079834,
                            0.9035228490829468,
                            0.9834826588630676,
                            0.019870081916451454
                        ],
                        [
                            0.10059066861867905,
                            0.1607794165611267,
                            -0.4399992823600769,
                            0.338929682970047
                        ],
                        [
                            0.26036787033081055,
                            0.09307320415973663,
                            0.13936303555965424,
                            0.42107269167900085
                        ],
                        [
                            0.07832148671150208,
                            0.09852667897939682,
                            -0.5142329335212708,
                            -0.9641572833061218
                        ],
                        [
                            -0.7697984576225281,
                            0.8187286257743835,
                            0.5180314183235168,
                            0.7860475778579712
                        ]
                    ],
                    [
                        0.0008315445156767964,
                        -0.0041563683189451694,
                        -0.006468821316957474,
                        0.002367084613069892
                    ]
                ]
            },
            {
                "type": "dense",
                "activation": "tanh",
                "shape": [
                    null,
                    4
                ],
                "weights": [
                    [
                        [
                            0.9273374676704407,
                            0.33529168367385864,
                            -0.5346258282661438,
                            0.08297812938690186
                        ],
                        [
                            0.37197422981262207,
                            0.15798334777355194,
                            -0.15962278842926025,
                            -0.06466833502054214
                        ],
                        [
                            -0.6003382802009583,
                            -0.6891673803329468,
                            0.11438865959644318,
                            0.8217189311981201
                        ],
                        [
                            -0.8341424465179443,
                            -0.5499117970466614,
                            0.05294419452548027,
                            0.5941957831382751
                        ]
                    ],
                    [
                        0.0002580348518677056,
                        -5.3573701734421775e-05,
                        0.00019731296924874187,
                        -0.0002558043925091624
                    ]
                ]
            },
            {
                "type": "dense",
                "activation": "",
                "shape": [
                    null,
                    1
                ],
                "weights": [
                    [
                        [
                            0.0918804258108139
                        ],
                        [
                            -0.86342453956604
                        ],
                        [
                            -1.2193628549575806
                        ],
                        [
                            -0.5841039419174194
                        ]
                    ],
                    [
                        -0.00023549947945866734
                    ]
                ]
            }
        ]
    },
    "drive_95_0": {
        "in_shape": [
            null,
            5
        ],
        "layers": [
            {
                "type": "dense",
                "activation": "tanh",
                "shape": [
                    null,
                    4
                ],
                "weights": [
                    [
                        [
                            -0.6424689292907715,
                            -0.6884720325469971,
                            -0.5068507194519043,
                            0.4501296877861023
                        ],
                        [
                            -0.2645576298236847,
                            0.10680639743804932,
                            -0.683905303478241,
                            -0.13753102719783783
                        ],
                        [
                            -0.3157701790332794,
                            0.29835087060928345,
                            0.4813244640827179,
                            -0.7842078804969788
                        ],
                        [
                            -0.16858018934726715,
                            0.05441007763147354,
                            -0.4295571446418762,
                            -0.0881810411810875
                        ],
                        [
                            0.37134069204330444,
                            0.5164808630943298,
                            0.5188333988189697,
                            -1.704952359199524
                        ]
                    ],
                    [
                        0.0009090898674912751,
                        0.002432263223454356,
                        -0.0033299957867711782,
                        0.0019411540124565363
                    ]
                ]
            },
            {
                "type": "dense",
                "activation": "tanh",
                "shape": [
                    null,
                    4
                ],
                "weights": [
                    [
                        [
                            -0.7227141261100769,
                            -0.21181535720825195,
                            0.18918313086032867,
                            0.5883609056472778
                        ],
                        [
                            -0.46746763586997986,
                            -0.89762282371521,
                            0.7366416454315186,
                            -0.573820948600769
                        ],
                        [
                            -0.11830172687768936,
                            0.04741990938782692,
                            -0.2444271445274353,
                            0.5555707812309265
                        ],
                        [
                            0.046190373599529266,
                            0.16061051189899445,
                            -0.26582205295562744,
                            -0.3472721576690674
                        ]
                    ],
                    [
                        0.0035794454161077738,
                        -0.0009377151727676392,
                        0.0003599796036724001,
                        -0.00026116028311662376
                    ]
                ]
            },
            {
                "type": "dense",
                "activation": "",
                "shape": [
                    null,
                    1
                ],
                "weights": [
                    [
                        [
                            -0.1250743716955185
                        ],
                        [
                            -0.5031406879425049
                        ],
                        [
                            -0.9878787994384766
                        ],
                        [
                            -0.3263985514640808
                        ]
                    ],
                    [
                        0.00011265430657658726
                    ]
                ]
            }
        ]
    },
    "drive_100_0": {
        "in_shape": [
            null,
            5
        ],
        "layers": [
            {
                "type": "dense",
                "activation": "tanh",
                "shape": [
                    null,
                    4
                ],
                "weights": [
                    [
                        [
                            -0.460476815700531,
                            -0.44517409801483154,
                            -0.06267157942056656,
                            0.09156941622495651
                        ],
                        [
                            0.03199777752161026,
                            -0.1125297099351883,
                            0.15056565403938293,
                            -0.004219856113195419
                        ],
                        [
                            0.42856019735336304,
                            -0.24371971189975739,
                            0.07183349877595901,
                            -0.38239240646362305
                        ],
                        [
                            0.8430712223052979,
                            -0.08215613663196564,
                            -0.7322179675102234,
                            0.030218079686164856
                        ],
                        [
                            0.8440166711807251,
                            1.118065357208252,
                            0.009336946532130241,
                            -1.0744354724884033
                        ]
                    ],
                    [
                        -0.0011237752623856068,
                        0.002149835228919983,
                        0.00023454020265489817,
                        0.0024057389236986637
                    ]
                ]
            },
            {
                "type": "dense",
                "activation": "tanh",
                "shape": [
                    null,
                    4
                ],
                "weights": [
                    [
                        [
                            -0.2726074457168579,
                            0.21540512144565582,
                            -0.17633317410945892,
                            -0.5966033935546875
                        ],
                        [
                            -0.3381374180316925,
                            0.061078283935785294,
                            -0.42254379391670227,
                            0.018525203689932823
                        ],
                        [
                            -0.457265168428421,
                            0.23329129815101624,
                            -0.5325050950050354,
                            -0.6253343224525452
                        ],
                        [
                            0.1249932199716568,
                            -0.1968940794467926,
                            0.5352604985237122,
                            -0.7883678078651428
                        ]
                    ],
                    [
                        -0.0007000273908488452,
                        -0.00028047888190485537,
                        0.0002008467708947137,
                        0.0007542665116488934
                    ]
                ]
            },
            {
                "type": "dense",
                "activation": "",
                "shape": [
                    null,
                    1
                ],
                "weights": [
                    [
                        [
                            0.8421650528907776
                        ],
                        [
                            -0.4077484607696533
                        ],
                        [
                            -0.4449530839920044
                        ],
                        [
                            -0.2610126733779907
                        ]
                    ],
                    [
                        0.0005919060786254704
                    ]
                ]
            }
        ]
    }
}