{
    "drive_0_40": {
        "in_shape": [
            null,
            5
        ],
        "layers": [
            {
                "type": "dense",
                "activation": "tanh",
                "shape": [
                    null,
                    4
                ],
                "weights": [
                    [
                        [
                            0.5409632921218872,
                            0.20107077062129974,
                            1.0645802021026611,
                            0.6294688582420349
                        ],
                        [
                            -0.5889930129051208,
                            0.645596444606781,
                            -0.12395479530096054,
                            -0.31520771980285645
                        ],
                        [
                            -0.16049115359783173,
                            -0.6554943919181824,
                            -0.26083943247795105,
                            0.12440551072359085
                        ],
                        [
                            -0.25358712673187256,
                            0.19756127893924713,
                            -0.018334491178393364,
                            -0.42153283953666687
                        ],
                        [
                            0.2629663348197937,
                            0.09892503917217255,
                            0.1054319217801094,
                            0.846794605255127
                        ]
                    ],
                    [
                        -0.0004972560564056039,
                        -0.00011282264313194901,
                        -0.00044974504271522164,
                        -0.00026151686324737966
                    ]
                ]
            },
            {
                "type": "dense",
                "activation": "tanh",
                "shape": [
                    null,
                    4
                ],
                "weights": [
                    [
                        [
                            -0.6426384449005127,
                            -0.9123014211654663,
                            -0.4973975718021393,
                            0.8172699809074402
                        ],
                        [
                            0.4008737802505493,
                            0.4099210798740387,
                            0.6442514061927795,
                            0.7233346700668335
                        ],
                        [
                            -0.16308213770389557,
                            -0.6082326769828796,
                            0.2760285437107086,
                            -0.7494180202484131
                        ],
                        [
                            -1.020158290863037,
                            -0.48855289816856384,
                            0.5599070191383362,
                            0.7231784462928772
                        ]
                    ],
                    [
                        0.0011864262633025646,
                        0.00135302625130862,
                        0.0009722277754917741,
                        0.00014058183296583593
                    ]
                ]
            },
            {
                "type": "dense",
                "activation": "",
                "shape": [
                    null,
                    1
                ],
                "weights": [
                    [
                        [
                            -0.2634885609149933
                        ],
                        [
                            0.16205188632011414
                        ],
                        [
                            0.2894062101840973
                        ],
                        [
                            -0.7131208181381226
                        ]
                    ],
                    [
                        -0.00039898394607007504
                    ]
                ]
            }
        ]
    },
    "drive_5_40": {
        "in_shape": [
            null,
            5
        ],
        "layers": [
            {
                "type": "dense",
                "activation": "tanh",
                "shape": [
                    null,
                    4
                ],
                "weights": [
                    [
                        [
                            0.35545623302459717,
                            0.03521541506052017,
                            0.3761610686779022,
                            -0.24191445112228394
                        ],
                        [
                            -0.7543686032295227,
                            0.33409157395362854,
                            -0.824393630027771,
                            0.26315364241600037
                        ],
                        [
                            0.5605759620666504,
                            0.772742748260498,
                            0.3636288642883301,
                            -0.20195341110229492
                        ],
                        [
                            -0.21409842371940613,
                            0.2253381311893463,
                            -0.16707880795001984,
                            0.21168825030326843
                        ],
                        [
                            -0.33329224586486816,
                            0.2372419536113739,
                            0.19887086749076843,
                            -0.39166903495788574
                        ]
                    ],
                    [
                        -0.0002557864645496011,
                        0.0001615075598238036,
                        -0.0006025878828950226,
                        6.575385486939922e-05
                    ]
                ]
            },
            {
                "type": "dense",
                "activation": "tanh",
                "shape": [
                    null,
                    4
                ],
                "weights": [
                    [
                        [
                            0.5380188822746277,
                            -0.28744494915008545,
                            0.16694340109825134,
                            -0.6253947019577026
                        ],
                        [
                            -0.18690218031406403,
                            -0.8419443964958191,
                            0.4308370351791382,
                            0.292978435754776
                        ],
                        [
                            -0.7057085633277893,
                            -0.042601898312568665,
                            0.8726462125778198,
                            0.561991810798645
                        ],
                        [
                            0.38762015104293823,
                            -0.6940025091171265,
                            -0.13948708772659302,
                            0.3418056070804596
                        ]
                    ],
                    [
                        -0.00019789740326814353,
                        0.0005366851110011339,
                        -0.0014769189292564988,
                        -0.0004347999347373843
                    ]
                ]
            },
            {
                "type": "dense",
                "activation": "",
                "shape": [
                    null,
                    1
                ],
                "weights": [
                    [
                        [
                            0.9455780386924744
                        ],
                        [
                            -0.8653330206871033
                        ],
                        [
                            0.11885496228933334
                        ],
                        [
                            -0.30022889375686646
                        ]
                    ],
                    [
                        0.00027053410303778946
                    ]
                ]
            }
        ]
    },
    "drive_10_40": {
        "in_shape": [
            null,
            5
        ],
        "layers": [
            {
                "type": "dense",
                "activation": "tanh",
                "shape": [
                    null,
                    4
                ],
                "weights": [
                    [
                        [
                            -0.471273273229599,
                            -0.019354941323399544,
                            0.5254027247428894,
                            -0.12362129241228104
                        ],
                        [
                            0.13929614424705505,
                            -0.42687520384788513,
                            -0.3614385426044464,
                            -0.4128918945789337
                        ],
                        [
                            0.19595251977443695,
                            0.08008019626140594,
                            -0.2996063828468323,
                            -0.7049264311790466
                        ],
                        [
                            0.36481860280036926,
                            -0.1931910216808319,
                            -0.17354199290275574,
                            -0.3061067461967468
                        ],
                        [
                            -1.159738540649414,
                            0.6427443623542786,
                            -0.3874484896659851,
                            -0.17613622546195984
                        ]
                    ],
                    [
                        0.003264273749664426,
                        -0.00044851412530988455,
                        0.0039444612339138985,
                        0.0032759923487901688
                    ]
                ]
            },
            {
                "type": "dense",
                "activation": "tanh",
                "shape": [
                    null,
                    4
                ],
                "weights": [
                    [
                        [
                            0.23108898103237152,
                            0.5485163331031799,
                            -0.05904468894004822,
                            -0.5372519493103027
                        ],
                        [
                            -0.6946331262588501,
                            -0.8338320255279541,
                            -0.30422547459602356,
                            -0.0795133039355278
                        ],
                        [
                            0.12471309304237366,
                            -0.42137637734413147,
                            0.6037412285804749,
                            0.7639192938804626
                        ],
                        [
                            -0.0868426188826561,
                            -0.5893955230712891,
                            -0.845345675945282,
                            0.09692373126745224
                        ]
                    ],
                    [
                        -1.5958823496475816e-05,
                        0.001056191511452198,
                        0.00029651206568814814,
                        0.0007982238312251866
                    ]
                ]
            },
            {
                "type": "dense",
                "activation": "",
                "shape": [
                    null,
                    1
                ],
                "weights": [
                    [
                        [
                            0.7348591685295105
                        ],
                        [
                            -0.4958367347717285
                        ],
                        [
                            0.5009202361106873
                        ],
                        [
                            -0.49842870235443115
                        ]
                    ],
                    [
                        0.00016531719302292913
                    ]
                ]
            }
        ]
    },
    "drive_15_40": {
        "in_shape": [
            null,
            5
        ],
        "layers": [
            {
                "type": "dense",
                "activation": "tanh",
                "shape": [
                    null,
                    4
                ],
                "weights": [
                    [
                        [
                            0.7319775223731995,
                            -0.21243275701999664,
                            0.7413525581359863,
                            -0.2938345968723297
                        ],
                        [
                            -0.04468422010540962,
                            0.11641781032085419,
                            0.08331429213285446,
                            0.05917350947856903
                        ],
                        [
                            0.3055025041103363,
                            -0.1855325847864151,
                            0.08365365862846375,
                            -0.5931196808815002
                        ],
                        [
                            0.039553072303533554,
                            0.10911457240581512,
                            0.04080472141504288,
                            -0.4955793619155884
                        ],
                        [
                            0.047750987112522125,
                            -0.7983598709106445,
                            0.003090502228587866,
                            0.4670528173446655
                        ]
                    ],
                    [
                        -0.0033117900602519512,
                        0.00043668411672115326,
                        -0.00017181082512252033,
                        -0.0031190102454274893
                    ]
                ]
            },
            {
                "type": "dense",
                "activation": "tanh",
                "shape": [
                    null,
                    4
                ],
                "weights": [
                    [
                        [
                            -0.3332720100879669,
                            -0.6523386836051941,
                            0.16726218163967133,
                            0.6771039366722107
                        ],
                        [
                            -0.5839362144470215,
                            0.2622844874858856,
                            0.18517959117889404,
                            -0.16739848256111145
                        ],
                        [
                            -0.39166292548179626,
                            0.3858160376548767,
                            -0.2547324299812317,
                            -0.29562175273895264
                        ],
                        [
                            -0.25579509139060974,
                            0.5369986891746521,
                            -0.32801133394241333,
                            0.4851446747779846
                        ]
                    ],
                    [
                        0.00031039671739563346,
                        -0.0009930048836395144,
                        2.8430022211978212e-05,
                        -0.0008369708084501326
                    ]
                ]
            },
            {
                "type": "dense",
                "activation": "",
                "shape": [
                    null,
                    1
                ],
                "weights": [
                    [
                        [
                            -0.8502523899078369
                        ],
                        [
                            -0.09967824071645737
                        ],
                        [
                            0.09582450240850449
                        ],
                        [
                            -0.38193807005882263
                        ]
                    ],
                    [
                        -0.00014880772505421191
                    ]
                ]
            }
        ]
    },
    "drive_20_40": {
        "in_shape": [
            null,
            5
        ],
        "layers": [
            {
                "type": "dense",
                "activation": "tanh",
                "shape": [
                    null,
                    4
                ],
                "weights": [
                    [
                        [
                            -0.6737151741981506,
                            0.01137039065361023,
                            -0.5232827663421631,
                            0.026006678119301796
                        ],
                        [
                            -0.2747398018836975,
                            0.7073736786842346,
                            0.06431517750024796,
                            -0.05716288462281227
                        ],
                        [
                            -0.7072039246559143,
                            0.20568011701107025,
                            -0.2601204514503479,
                            0.4250592887401581
                        ],
                        [
                            0.5009244084358215,
                            -0.0016425549983978271,
                            -0.0810302123427391,
                            0.048851367086172104
                        ],
                        [
                            0.14971144497394562,
                            0.4445533752441406,
                            0.6533029079437256,
                            0.038027070462703705
                        ]
                    ],
                    [
                        -0.00014567469770554453,
                        -2.105475141433999e-05,
                        0.00027055363170802593,
                        -0.00027793640037998557
                    ]
                ]
            },
            {
                "type": "dense",
                "activation": "tanh",
                "shape": [
                    null,
                    4
                ],
                "weights": [
                    [
                        [
                            -0.3810625970363617,
                            0.5805045962333679,
                            0.6317014694213867,
                            -0.08791043609380722
                        ],
                        [
                            0.0720943883061409,
                            -0.06041189655661583,
                            -0.19465786218643188,
                            0.5719774961471558
                        ],
                        [
                            0.5602132081985474,
                            -0.4274594485759735,
                            0.44955289363861084,
                            0.3345237374305725
                        ],
                        [
                            0.8627697229385376,
                            -0.6426761746406555,
                            0.078528493642807,
                            0.5412178635597229
                        ]
                    ],
                    [
                        -0.00032159441616386175,
                        0.0016486531822010875,
                        0.0007810526294633746,
                        -0.0002909041941165924
                    ]
                ]
            },
            {
                "type": "dense",
                "activation": "",
                "shape": [
                    null,
                    1
                ],
                "weights": [
                    [
                        [
                            -0.538455605506897
                        ],
                        [
                            0.5169763565063477
                        ],
                        [
                            -0.8289893269538879
                        ],
                        [
                            -0.06951520591974258
                        ]
                    ],
                    [
                        -0.00044901075307279825
                    ]
                ]
            }
        ]
    },
    "drive_25_40": {
        "in_shape": [
            null,
            5
        ],
        "layers": [
            {
                "type": "dense",
                "activation": "tanh",
                "shape": [
                    null,
                    4
                ],
                "weights": [
                    [
                        [
                            -0.45994919538497925,
                            -0.3437384366989136,
                            -0.5131094455718994,
                            -0.5246917605400085
                        ],
                        [
                            0.627840518951416,
                            0.013584226369857788,
                            -0.14852924644947052,
                            -0.42708107829093933
                        ],
                        [
                            0.3840942084789276,
                            0.41621387004852295,
                            0.5273089408874512,
                            -0.6481162905693054
                        ],
                        [
                            0.2145649492740631,
                            0.6285514235496521,
                            0.039389487355947495,
                            -0.3732941448688507
                        ],
                        [
                            -0.576904296875,
                            0.593824028968811,
                            0.8977910876274109,
                            0.09037474542856216
                        ]
                    ],
                    [
                        0.0001183872518595308,
                        -0.0007471062708646059,
                        -0.0002149078791262582,
                        0.00030177755979821086
                    ]
                ]
            },
            {
                "type": "dense",
                "activation": "tanh",
                "shape": [
                    null,
                    4
                ],
                "weights": [
                    [
                        [
                            0.5487332940101624,
                            0.8044706583023071,
                            0.30105945467948914,
                            -0.5642793774604797
                        ],
                        [
                            0.7410961985588074,
                            -0.3021472990512848,
                            0.04683559760451317,
                            0.10398074239492416
                        ],
                        [
                            -0.6656053066253662,
                            -0.3091823160648346,
                            0.490601122379303,
                            -0.8144798278808594
                        ],
                        [
                            -0.002630192320793867,
                            -0.2137881964445114,
                            0.3564087450504303,
                            0.011228772811591625
                        ]
                    ],
                    [
                        -0.0009181168279610574,
                        0.000392275134800002,
                        -0.00011091725173173472,
                        -0.00021888938499614596
                    ]
                ]
            },
            {
                "type": "dense",
                "activation": "",
                "shape": [
                    null,
                    1
                ],
                "weights": [
                    [
                        [
                            -0.09989603608846664
                        ],
                        [
                            0.10689383745193481
                        ],
                        [
                            -0.6635603308677673
                        ],
                        [
                            0.9508944749832153
                        ]
                    ],
                    [
                        -4.74479456897825e-05
                    ]
                ]
            }
        ]
    },
    "drive_30_40": {
        "in_shape": [
            null,
            5
        ],
        "layers": [
            {
                "type": "dense",
                "activation": "tanh",
                "shape": [
                    null,
                    4
                ],
                "weights": [
                    [
                        [
                            -0.5127779841423035,
                            0.7329590320587158,
                            -0.43439602851867676,
                            0.18306274712085724
                        ],
                        [
                            0.2896275222301483,
                            0.164652019739151,
                            0.13904309272766113,
                            0.02776678092777729
                        ],
                        [
                            0.3873293995857239,
                            0.464761883020401,
                            -0.8030735850334167,
                            -0.4161413908004761
                        ],
                        [
                            0.06630858033895493,
                            0.11201167851686478,
                            0.5581004023551941,
                            -0.25705939531326294
                        ],
                        [
                            -0.5149912238121033,
                            -0.5038148760795593,
                            0.010198217816650867,
                            0.5003684163093567
                        ]
                    ],
                    [
                        0.0004176640068180859,
                        -0.0014722862979397178,
                        0.004359322600066662,
                        0.00012055393017362803
                    ]
                ]
            },
            {
                "type": "dense",
                "activation": "tanh",
                "shape": [
                    null,
                    4
                ],
                "weights": [
                    [
                        [
                            0.37253737449645996,
                            -0.1199483573436737,
                            -0.18714506924152374,
                            -0.5121829509735107
                        ],
                        [
                            0.0695309117436409,
                            -0.462751567363739,
                            0.43838682770729065,
                            -0.3770042359828949
                        ],
                        [
                            0.09447069466114044,
                            -0.16620050370693207,
                            0.03981117159128189,
                            -0.04675068333745003
                        ],
                        [
                            -0.4911639988422394,
                            0.009869290515780449,
                            -0.3753676116466522,
                            -0.1423717886209488
                        ]
                    ],
                    [
                        -2.4070905055850744e-05,
                        3.686719719553366e-05,
                        0.0002625722554512322,
                        8.33377125672996e-05
                    ]
                ]
            },
            {
                "type": "dense",
                "activation": "",
                "shape": [
                    null,
                    1
                ],
                "weights": [
                    [
                        [
                            0.6233937740325928
                        ],
                        [
                            0.012463057413697243
                        ],
                        [
                            0.11589748412370682
                        ],
                        [
                            -0.6071563363075256
                        ]
                    ],
                    [
                        -5.862650505150668e-05
                    ]
                ]
            }
        ]
    },
    "drive_35_40": {
        "in_shape": [
            null,
            5
        ],
        "layers": [
            {
                "type": "dense",
                "activation": "tanh",
                "shape": [
                    null,
                    4
                ],
                "weights": [
                    [
                        [
                            -0.31461775302886963,
                            0.6885231733322144,
                            -0.6166752576828003,
                            0.10146882385015488
                        ],
                        [
                            0.1240493506193161,
                            0.35473576188087463,
                            0.13174137473106384,
                            -0.08958684653043747
                        ],
                        [
                            -0.19200186431407928,
                            0.06029238551855087,
                            -0.10854388773441315,
                            0.18061910569667816
                        ],
                        [
                            0.41895684599876404,
                            -0.10741966962814331,
                            -0.2179863154888153,
                            -0.22386527061462402
                        ],
                        [
                            -0.29691532254219055,
                            0.5081827044487,
                            0.15377645194530487,
                            0.8780562281608582
                        ]
                    ],
                    [
                        -5.2438546845223755e-05,
                        -0.0002851143653970212,
                        0.0012092801043763757,
                        -0.00023041128588374704
                    ]
                ]
            },
            {
                "type": "dense",
                "activation": "tanh",
                "shape": [
                    null,
                    4
                ],
                "weights": [
                    [
                        [
                            -0.6845449805259705,
                            -0.14048725366592407,
                            0.3878198266029358,
                            -0.02563241869211197
                        ],
                        [
                            0.004919643048197031,
                            2.754819615802262e-05,
                            -0.5923786759376526,
                            -0.4365154504776001
                        ],
                        [
                            0.7853831648826599,
                            -0.23574669659137726,
                            -0.1991104930639267,
                            0.7208660244941711
                        ],
                        [
                            -0.8060216307640076,
                            -0.3224937319755554,
                            -0.5386608839035034,
                            -0.05874129384756088
                        ]
                    ],
                    [
                        0.00044970738235861063,
                        -5.915687870583497e-05,
                        0.001105340663343668,
                        0.00035901612136512995
                    ]
                ]
            },
            {
                "type": "dense",
                "activation": "",
                "shape": [
                    null,
                    1
                ],
                "weights": [
                    [
                        [
                            0.6726260185241699
                        ],
                        [
                            1.0039281845092773
                        ],
                        [
                            0.2432403713464737
                        ],
                        [
                            -0.7113679051399231
                        ]
                    ],
                    [
                        -0.00021275859035085887
                    ]
                ]
            }
        ]
    },
    "drive_40_40": {
        "in_shape": [
            null,
            5
        ],
        "layers": [
            {
                "type": "dense",
                "activation": "tanh",
                "shape": [
                    null,
                    4
                ],
                "weights": [
                    [
                        [
                            -0.6364783048629761,
                            -0.9999760389328003,
                            0.32486340403556824,
                            0.3781520128250122
                        ],
                        [
                            0.5182097554206848,
                            -0.08385598659515381,
                            0.28632330894470215,
                            -0.40593472123146057
                        ],
                        [
                            -0.39961299300193787,
                            -0.34698089957237244,
                            0.1560019552707672,
                            0.34781771898269653
                        ],
                        [
                            0.5098200440406799,
                            -0.12300140410661697,
                            0.2327486276626587,
                            -0.4006287455558777
                        ],
                        [
                            -0.03992164507508278,
                            0.6145329475402832,
                            0.4350680410861969,
                            0.8007534742355347
                        ]
                    ],
                    [
                        0.000677495205309242,
                        0.0006335729849524796,
                        0.001029239734634757,
                        -0.0004618055245373398
                    ]
                ]
            },
            {
                "type": "dense",
                "activation": "tanh",
                "shape": [
                    null,
                    4
                ],
                "weights": [
                    [
                        [
                            -0.4680195152759552,
                            -0.44111669063568115,
                            0.2118145227432251,
                            -0.46208900213241577
                        ],
                        [
                            0.6937375664710999,
                            0.1426512598991394,
                            -0.06261203438043594,
                            0.011715473607182503
                        ],
                        [
                            0.48419803380966187,
                            0.34666070342063904,
                            -0.18469130992889404,
                            -0.532218873500824
                        ],
                        [
                            0.05395293980836868,
                            -0.6025450825691223,
                            0.47722604870796204,
                            0.6324461102485657
                        ]
                    ],
                    [
                        0.0007172083132900298,
                        -0.00019403603801038116,
                        1.1553532203834038e-05,
                        0.0015950921224430203
                    ]
                ]
            },
            {
                "type": "dense",
                "activation": "",
                "shape": [
                    null,
                    1
                ],
                "weights": [
                    [
                        [
                            -0.5767288208007812
                        ],
                        [
                            1.00261390209198
                        ],
                        [
                            -0.8944685459136963
                        ],
                        [
                            0.5018236637115479
                        ]
                    ],
                    [
                        1.7403301626472967e-06
                    ]
                ]
            }
        ]
    },
    "drive_45_40": {
        "in_shape": [
            null,
            5
        ],
        "layers": [
            {
                "type": "dense",
                "activation": "tanh",
                "shape": [
                    null,
                    4
                ],
                "weights": [
                    [
                        [
                            -0.3160593509674072,
                            -0.3059024512767792,
                            -0.14392021298408508,
                            0.38068416714668274
                        ],
                        [
                            0.47465285658836365,
                            -0.6667723059654236,
                            -0.2445925772190094,
                            -0.2824649214744568
                        ],
                        [
                            0.8835751414299011,
                            -0.6066301465034485,
                            -0.15203161537647247,
                            0.3655848801136017
                        ],
                        [
                            0.21740691363811493,
                            0.05975595489144325,
                            0.5161152482032776,
                            -0.3346303105354309
                        ],
                        [
                            -0.44422873854637146,
                            0.2097465991973877,
                            0.058885447680950165,
                            0.8342007994651794
                        ]
                    ],
                    [
                        -0.0002981626894325018,
                        0.00017597978876437992,
                        0.0002491417690180242,
                        -0.00041997083462774754
                    ]
                ]
            },
            {
                "type": "dense",
                "activation": "tanh",
                "shape": [
                    null,
                    4
                ],
                "weights": [
                    [
                        [
                            -0.2867923378944397,
                            0.14383384585380554,
                            0.4233958423137665,
                            -1.0686761140823364
                        ],
                        [
                            -0.2661365568637848,
                            -0.5694594383239746,
                            -0.5495932698249817,
                            0.4717833995819092
                        ],
                        [
                            -0.09443563222885132,
                            -0.10812033712863922,
                            -0.5133295655250549,
                            -0.4328364133834839
                        ],
                        [
                            0.3908102512359619,
                            0.30823108553886414,
                            0.12414386123418808,
                            -0.6554979085922241
                        ]
                    ],
                    [
                        -0.0004007750831078738,
                        -0.00033119507133960724,
                        -0.00018725937115959823,
                        9.6921379736159e-05
                    ]
                ]
            },
            {
                "type": "dense",
                "activation": "",
                "shape": [
                    null,
                    1
                ],
                "weights": [
                    [
                        [
                            -0.5421139001846313
                        ],
                        [
                            -0.6324370503425598
                        ],
                        [
                            0.444214403629303
                        ],
                        [
                            -0.36896583437919617
                        ]
                    ],
                    [
                        -0.0002599951985757798
                    ]
                ]
            }
        ]
    },
    "drive_50_40": {
        "in_shape": [
            null,
            5
        ],
        "layers": [
            {
                "type": "dense",
                "activation": "tanh",
                "shape": [
                    null,
                    4
                ],
                "weights": [
                    [
                        [
                            0.3304138779640198,
                            -0.07701680809259415,
                            0.40421560406684875,
                            1.015269160270691
                        ],
                        [
                            -0.15743565559387207,
                            0.19974081218242645,
                            -0.06210428476333618,
                            -0.0024239541962742805
                        ],
                        [
                            -0.28790730237960815,
                            -0.12133603543043137,
                            -0.11120995134115219,
                            -0.05196944996714592
                        ],
                        [
                            -0.12220045924186707,
                            -0.12550799548625946,
                            -0.35772940516471863,
                            0.00409060250967741
                        ],
                        [
                            0.8148292303085327,
                            0.5818136930465698,
                            0.8656377792358398,
                            -0.17612490057945251
                        ]
                    ],
                    [
                        5.63477078685537e-05,
                        -0.0013112872838974,
                        -0.00309568690136075,
                        -0.001487801899202168
                    ]
                ]
            },
            {
                "type": "dense",
                "activation": "tanh",
                "shape": [
                    null,
                    4
                ],
                "weights": [
                    [
                        [
                            -0.07462839782238007,
                            -0.022500358521938324,
                            0.54058837890625,
                            -0.7087641954421997
                        ],
                        [
                            0.6366778016090393,
                            -0.7469912767410278,
                            0.5373310446739197,
                            0.014236582443118095
                        ],
                        [
                            -0.2304622232913971,
                            0.6896088719367981,
                            -0.5828940272331238,
                            0.3321603536605835
                        ],
                        [
                            -0.2257225662469864,
                            0.17028610408306122,
                            0.6698199510574341,
                            0.299150288105011
                        ]
                    ],
                    [
                        -6.288521399255842e-05,
                        -3.444353751547169e-06,
                        0.0018500213045626879,
                        -0.0004255476233083755
                    ]
                ]
            },
            {
                "type": "dense",
                "activation": "",
                "shape": [
                    null,
                    1
                ],
                "weights": [
                    [
                        [
                            -0.8607373833656311
                        ],
                        [
                            -0.8719377517700195
                        ],
                        [
                            0.03307981789112091
                        ],
                        [
                            0.7124904990196228
                        ]
                    ],
                    [
                        0.00025609004660509527
                    ]
                ]
            }
        ]
    },
    "drive_55_40": {
        "in_shape": [
            null,
            5
        ],
        "layers": [
            {
                "type": "dense",
                "activation": "tanh",
                "shape": [
                    null,
                    4
                ],
                "weights": [
                    [
                        [
                            0.9132598042488098,
                            0.17015373706817627,
                            -1.0012439489364624,
                            0.39355602860450745
                        ],
                        [
                            0.002860305132344365,
                            -0.1192190870642662,
                            -0.15386629104614258,
                            -0.19144392013549805
                        ],
                        [
                            -0.21765227615833282,
                            0.0872931033372879,
                            0.2927018404006958,
                            -0.14264582097530365
                        ],
                        [
                            0.059495069086551666,
                            -0.16659285128116608,
                            -0.4562881588935852,
                            -0.15471383929252625
                        ],
                        [
                            0.409747838973999,
                            1.762345314025879,
                            -1.1470608711242676,
                            1.1642876863479614
                        ]
                    ],
                    [
                        -0.001154823461547494,
                        -0.002009196672588587,
                        -0.0007627294398844242,
                        -0.0008582511800341308
                    ]
                ]
            },
            {
                "type": "dense",
                "activation": "tanh",
                "shape": [
                    null,
                    4
                ],
                "weights": [
                    [
                        [
                            0.6455259919166565,
                            -0.3872726857662201,
                            0.02556993067264557,
                            0.5476625561714172
                        ],
                        [
                            -0.029789939522743225,
                            0.3808731138706207,
                            0.18759284913539886,
                            -0.5536679625511169
                        ],
                        [
                            0.5149053335189819,
                            0.41528743505477905,
                            0.5660235285758972,
                            0.09667708724737167
                        ],
                        [
                            -0.5706578493118286,
                            0.02666725032031536,
                            -0.07898711413145065,
                            0.42274147272109985
                        ]
                    ],
                    [
                        -0.0005941467825323343,
                        -0.00017555325757712126,
                        -0.0006433639209717512,
                        -0.00010692368232412264
                    ]
                ]
            },
            {
                "type": "dense",
                "activation": "",
                "shape": [
                    null,
                    1
                ],
                "weights": [
                    [
                        [
                            0.6395342350006104
                        ],
                        [
                            0.4541007876396179
                        ],
                        [
                            -0.8822269439697266
                        ],
                        [
                            0.21543008089065552
                        ]
                    ],
                    [
                        -8.505440928274766e-05
                    ]
                ]
            }
        ]
    },
    "drive_60_40": {
        "in_shape": [
            null,
            5
        ],
        "layers": [
            {
                "type": "dense",
                "activation": "tanh",
                "shape": [
                    null,
                    4
                ],
                "weights": [
                    [
                        [
                            0.16470997035503387,
                            -0.029205238446593285,
                            -0.6890840530395508,
                            -0.20570902526378632
                        ],
                        [
                            0.21297314763069153,
                            -0.29225829243659973,
                            0.7008931040763855,
                            0.09365183860063553
                        ],
                        [
                            0.568662703037262,
                            0.6393836736679077,
                            -0.0898747593164444,
                            0.6749923825263977
                        ],
                        [
                            0.12440753728151321,
                            0.09481938183307648,
                            0.16417400538921356,
                            -0.06225435435771942
                        ],
                        [
                            -0.6272561550140381,
                            0.9387431144714355,
                            -0.30136051774024963,
                            0.1549607664346695
                        ]
                    ],
                    [
                        -0.0013756448170170188,
                        0.0003115424478892237,
                        0.0011718615423887968,
                        -0.0016421540640294552
                    ]
                ]
            },
            {
                "type": "dense",
                "activation": "tanh",
                "shape": [
                    null,
                    4
                ],
                "weights": [
                    [
                        [
                            0.5367993712425232,
                            -0.22934772074222565,
                            0.47242650389671326,
                            0.08150038123130798
                        ],
                        [
                            0.12574823200702667,
                            -0.4385834336280823,
                            0.820404052734375,
                            0.33196496963500977
                        ],
                        [
                            -0.3683309853076935,
                            0.24117398262023926,
                            -0.47461971640586853,
                            -0.18528245389461517
                        ],
                        [
                            -0.2102803885936737,
                            -0.05513688921928406,
                            -0.3627517521381378,
                            0.08692937344312668
                        ]
                    ],
                    [
                        0.0004107444838155061,
                        -0.0005052967462688684,
                        0.0023495370987802744,
                        0.00020332566055003554
                    ]
                ]
            },
            {
                "type": "dense",
                "activation": "",
                "shape": [
                    null,
                    1
                ],
                "weights": [
                    [
                        [
                            0.9377737045288086
                        ],
                        [
                            0.43284592032432556
                        ],
                        [
                            0.16313862800598145
                        ],
                        [
                            -0.7856729626655579
                        ]
                    ],
                    [
                        -0.00011109952174592763
                    ]
                ]
            }
        ]
    },
    "drive_65_40": {
        "in_shape": [
            null,
            5
        ],
        "layers": [
            {
                "type": "dense",
                "activation": "tanh",
                "shape": [
                    null,
                    4
                ],
                "weights": [
                    [
                        [
                            0.3887389004230499,
                            0.3227160573005676,
                            -0.3665252923965454,
                            -0.26810282468795776
                        ],
                        [
                            -0.1472335159778595,
                            -0.049878381192684174,
                            -0.06592915952205658,
                            0.11449581384658813
                        ],
                        [
                            0.0702718123793602,
                            0.48938900232315063,
                            -0.2548004686832428,
                            -0.8638059496879578
                        ],
                        [
                            -0.17153744399547577,
                            0.2250111997127533,
                            -0.09871985018253326,
                            -0.3375140130519867
                        ],
                        [
                            0.8008608222007751,
                            0.42686381936073303,
                            0.1569763422012329,
                            -0.18290671706199646
                        ]
                    ],
                    [
                        -0.0007072497974149883,
                        -0.0011152267688885331,
                        -0.00026463408721610904,
                        0.002707880921661854
                    ]
                ]
            },
            {
                "type": "dense",
                "activation": "tanh",
                "shape": [
                    null,
                    4
                ],
                "weights": [
                    [
                        [
                            0.4565274715423584,
                            -0.022906264290213585,
                            0.5625727772712708,
                            0.19850289821624756
                        ],
                        [
                            0.5672460794448853,
                            0.013217882253229618,
                            0.35057276487350464,
                            0.6411552429199219
                        ],
                        [
                            0.07838592678308487,
                            0.23545397818088531,
                            -0.36060693860054016,
                            0.4457721710205078
                        ],
                        [
                            0.4356308877468109,
                            0.4785594642162323,
                            -0.09640088677406311,
                            -0.5017229914665222
                        ]
                    ],
                    [
                        -0.0003053813416045159,
                        0.0012051763478666544,
                        -0.0009184035588987172,
                        -0.00143125606700778
                    ]
                ]
            },
            {
                "type": "dense",
                "activation": "",
                "shape": [
                    null,
                    1
                ],
                "weights": [
                    [
                        [
                            -0.8509383797645569
                        ],
                        [
                            -0.9335187077522278
                        ],
                        [
                            0.4838900566101074
                        ],
                        [
                            -0.8499155044555664
                        ]
                    ],
                    [
                        -8.301920388475992e-06
                    ]
                ]
            }
        ]
    },
    "drive_70_40": {
        "in_shape": [
            null,
            5
        ],
        "layers": [
            {
                "type": "dense",
                "activation": "tanh",
                "shape": [
                    null,
                    4
                ],
                "weights": [
                    [
                        [
                            0.06389440596103668,
                            0.07346849143505096,
                            -0.5658822655677795,
                            0.2461858093738556
                        ],
                        [
                            -0.02278316579759121,
                            0.45467609167099,
                            -0.13078686594963074,
                            0.44168102741241455
                        ],
                        [
                            -0.31803563237190247,
                            -0.17904621362686157,
                            -0.17948929965496063,
                            -0.4275537133216858
                        ],
                        [
                            0.06383280456066132,
                            -0.05242800712585449,
                            -0.10337597131729126,
                            -0.08815149962902069
                        ],
                        [
                            -0.6137386560440063,
                            -0.9839546084403992,
                            -0.2884354293346405,
                            -0.5769030451774597
                        ]
                    ],
                    [
                        0.0010975655168294907,
                        -0.0012598587200045586,
                        0.0014271435793489218,
                        -0.0015488084172829986
                    ]
                ]
            },
            {
                "type": "dense",
                "activation": "tanh",
                "shape": [
                    null,
                    4
                ],
                "weights": [
                    [
                        [
                            0.620867133140564,
                            -0.704044759273529,
                            -0.14643865823745728,
                            0.25363612174987793
                        ],
                        [
                            0.4954228401184082,
                            0.18028287589550018,
                            0.47877195477485657,
                            -0.25204166769981384
                        ],
                        [
                            0.35496535897254944,
                            -0.10284329205751419,
                            -0.43852168321609497,
                            -0.25549665093421936
                        ],
                        [
                            -0.12439647316932678,
                            -0.388407826423645,
                            -0.6480882167816162,
                            0.7215874791145325
                        ]
                    ],
                    [
                        0.00015874108066782355,
                        0.00020615213725250214,
                        -2.1469526473083533e-05,
                        0.001203421619720757
                    ]
                ]
            },
            {
                "type": "dense",
                "activation": "",
                "shape": [
                    null,
                    1
                ],
                "weights": [
                    [
                        [
                            0.38942593336105347
                        ],
                        [
                            -0.3341768682003021
                        ],
                        [
                            0.9078899621963501
                        ],
                        [
                            0.03291710093617439
                        ]
                    ],
                    [
                        -4.8590925871394575e-05
                    ]
                ]
            }
        ]
    },
    "drive_75_40": {
        "in_shape": [
            null,
            5
        ],
        "layers": [
            {
                "type": "dense",
                "activation": "tanh",
                "shape": [
                    null,
                    4
                ],
                "weights": [
                    [
                        [
                            0.42313826084136963,
                            -0.4212605059146881,
                            -0.42898547649383545,
                            0.01748327910900116
                        ],
                        [
                            -0.08054495602846146,
                            -0.09019692242145538,
                            -0.10315454751253128,
                            -0.22745198011398315
                        ],
                        [
                            -0.8060056567192078,
                            -0.7332941889762878,
                            -0.19621522724628448,
                            -0.7941272258758545
                        ],
                        [
                            -0.06233048439025879,
                            0.7832830548286438,
                            -0.12510594725608826,
                            0.5703579783439636
                        ],
                        [
                            -0.5807623863220215,
                            -0.3472343683242798,
                            0.04963826760649681,
                            -1.246601939201355
                        ]
                    ],
                    [
                        -0.00028613946051336825,
                        0.0015512829413637519,
                        0.001693813013844192,
                        0.0014773922739550471
                    ]
                ]
            },
            {
                "type": "dense",
                "activation": "tanh",
                "shape": [
                    null,
                    4
                ],
                "weights": [
                    [
                        [
                            0.6345506310462952,
                            -0.37556183338165283,
                            -0.08517564088106155,
                            0.4085414707660675
                        ],
                        [
                            0.3497982323169708,
                            0.3056480288505554,
                            -0.8700500130653381,
                            0.2849575877189636
                        ],
                        [
                            -0.5904229283332825,
                            0.41424182057380676,
                            -0.6445565819740295,
                            0.3091331124305725
                        ],
                        [
                            -0.3033786714076996,
                            0.2900458872318268,
                            0.44956016540527344,
                            0.29218754172325134
                        ]
                    ],
                    [
                        0.0014228300424292684,
                        0.0021463464945554733,
                        5.817817509523593e-05,
                        0.0012066029012203217
                    ]
                ]
            },
            {
                "type": "dense",
                "activation": "",
                "shape": [
                    null,
                    1
                ],
                "weights": [
                    [
                        [
                            0.021267561241984367
                        ],
                        [
                            -0.2099991738796234
                        ],
                        [
                            0.5626792311668396
                        ],
                        [
                            0.6810028553009033
                        ]
                    ],
                    [
                        4.7457171604037285e-05
                    ]
                ]
            }
        ]
    },
    "drive_80_40": {
        "in_shape": [
            null,
            5
        ],
        "layers": [
            {
                "type": "dense",
                "activation": "tanh",
                "shape": [
                    null,
                    4
                ],
                "weights": [
                    [
                        [
                            0.0655820295214653,
                            0.8818303346633911,
                            0.7882310748100281,
                            0.36716336011886597
                        ],
                        [
                            -0.45183470845222473,
                            0.3971084654331207,
                            0.5442031025886536,
                            -0.21422578394412994
                        ],
                        [
                            -0.9481872320175171,
                            -0.051416944712400436,
                            0.41884323954582214,
                            0.03372989594936371
                        ],
                        [
                            -0.3485467731952667,
                            0.27544692158699036,
                            0.4088355302810669,
                            -0.2223259061574936
                        ],
                        [
                            0.07766267657279968,
                            0.5756622552871704,
                            -0.05037658289074898,
                            1.0401086807250977
                        ]
                    ],
                    [
                        0.0033149193041026592,
                        -0.0029165528248995543,
                        -0.003473530290648341,
                        -0.002798886504024267
                    ]
                ]
            },
            {
                "type": "dense",
                "activation": "tanh",
                "shape": [
                    null,
                    4
                ],
                "weights": [
                    [
                        [
                            0.4288945198059082,
                            -0.6016069054603577,
                            -0.06493381410837173,
                            -0.2301056832075119
                        ],
                        [
                            -0.5582244396209717,
                            -0.0644756332039833,
                            -0.7375068664550781,
                            0.18722648918628693
                        ],
                        [
                            0.7911651134490967,
                            0.16741816699504852,
                            0.23750150203704834,
                            0.4356899857521057
                        ],
                        [
                            0.5494331121444702,
                            -1.0013031959533691,
                            0.027411021292209625,
                            -0.2893625795841217
                        ]
                    ],
                    [
                        0.001102372771129012,
                        4.5404369302559644e-05,
                        0.0010625453433021903,
                        0.00042109013884328306
                    ]
                ]
            },
            {
                "type": "dense",
                "activation": "",
                "shape": [
                    null,
                    1
                ],
                "weights": [
                    [
                        [
                            -0.7425016760826111
                        ],
                        [
                            -0.40069591999053955
                        ],
                        [
                            0.6405035853385925
                        ],
                        [
                            0.738703727722168
                        ]
                    ],
                    [
                        -8.673315460328013e-05
                    ]
                ]
            }
        ]
    },
    "drive_85_40": {
        "in_shape": [
            null,
            5
        ],
        "layers": [
            {
                "type": "dense",
                "activation": "tanh",
                "shape": [
                    null,
                    4
                ],
                "weights": [
                    [
                        [
                            -0.22931912541389465,
                            1.0206032991409302,
                            -0.2077762335538864,
                            0.7861464619636536
                        ],
                        [
                            -0.0008709466783329844,
                            -0.0675203874707222,
                            0.14830783009529114,
                            0.08526460826396942
                        ],
                        [
                            0.7475706934928894,
                            -0.25320449471473694,
                            -0.3743310868740082,
                            -0.6174377799034119
                        ],
                        [
                            -0.10208342224359512,
                            -0.022930201143026352,
                            0.15745621919631958,
                            0.4518547058105469
                        ],
                        [
                            0.503623902797699,
                            -0.0532691515982151,
                            0.08798514306545258,
                            0.6171873211860657
                        ]
                    ],
                    [
                        -0.0006075884448364377,
                        -0.0017560941632837057,
                        0.0012235874310135841,
                        -0.004983037244528532
                    ]
                ]
            },
            {
                "type": "dense",
                "activation": "tanh",
                "shape": [
                    null,
                    4
                ],
                "weights": [
                    [
                        [
                            -0.2752029597759247,
                            -0.8486804962158203,
                            -0.45228952169418335,
                            0.08169868588447571
                        ],
                        [
                            0.2296479344367981,
                            0.18161214888095856,
                            -0.014352289028465748,
                            -0.3737950325012207
                        ],
                        [
                            0.49838095903396606,
                            -0.37954312562942505,
                            -0.2118884176015854,
                            -0.722357451915741
                        ],
                        [
                            0.6552214026451111,
                            0.5927010774612427,
                            -0.03067784383893013,
                            0.3789163827896118
                        ]
                    ],
                    [
                        -0.00017451695748604834,
                        -0.0001298826973652467,
                        -0.00018812139751389623,
                        4.163553239777684e-05
                    ]
                ]
            },
            {
                "type": "dense",
                "activation": "",
                "shape": [
                    null,
                    1
                ],
                "weights": [
                    [
                        [
                            -0.6748505234718323
                        ],
                        [
                            0.9223803281784058
                        ],
                        [
                            -0.5136293172836304
                        ],
                        [
                            -0.5188258290290833
                        ]
                    ],
                    [
                        -6.430032954085618e-05
                    ]
                ]
            }
        ]
    },
    "drive_90_40": {
        "in_shape": [
            null,
            5
        ],
        "layers": [
            {
                "type": "dense",
                "activation": "tanh",
                "shape": [
                    null,
                    4
                ],
                "weights": [
                    [
                        [
                            0.3699314296245575,
                            1.0579371452331543,
                            0.55375075340271,
                            -0.7113748788833618
                        ],
                        [
                            0.09159015864133835,
                            -0.16383667290210724,
                            -0.1650390326976776,
                            0.059845905750989914
                        ],
                        [
                            -0.6827176809310913,
                            -0.6320911049842834,
                            -0.6599003076553345,
                            -0.8034605979919434
                        ],
                        [
                            -0.03748298063874245,
                            -0.1709878146648407,
                            -0.1317107081413269,
                            -0.4819367825984955
                        ],
                        [
                            1.1862552165985107,
                            0.51595139503479,
                            -1.0877562761306763,
                            -0.40315160155296326
                        ]
                    ],
                    [
                        0.0017002910608425736,
                        -2.3391870854538865e-05,
                        4.9553367716725916e-05,
                        0.0014307990204542875
                    ]
                ]
            },
            {
                "type": "dense",
                "activation": "tanh",
                "shape": [
                    null,
                    4
                ],
                "weights": [
                    [
                        [
                            -0.8097894191741943,
                            1.080260157585144,
                            -0.5724177956581116,
                            -0.013143057003617287
                        ],
                        [
                            0.013653447851538658,
                            -0.07072718441486359,
                            0.5260732769966125,
                            -0.7909249067306519
                        ],
                        [
                            -0.661787211894989,
                            0.23086436092853546,
                            0.3909991979598999,
                            0.5421184301376343
                        ],
                        [
                            -0.4576012194156647,
                            -0.29017260670661926,
                            -0.11741037666797638,
                            -0.027473395690321922
                        ]
                    ],
                    [
                        -0.00034846365451812744,
                        0.0005851486930623651,
                        7.675214146729559e-05,
                        -0.0006122445338405669
                    ]
                ]
            },
            {
                "type": "dense",
                "activation": "",
                "shape": [
                    null,
                    1
                ],
                "weights": [
                    [
                        [
                            -0.2317793220281601
                        ],
                        [
                            0.184631809592247
                        ],
                        [
                            0.7411623001098633
                        ],
                        [
                            0.20479321479797363
                        ]
                    ],
                    [
                        -2.910628609242849e-05
                    ]
                ]
            }
        ]
    },
    "drive_95_40": {
        "in_shape": [
            null,
            5
        ],
        "layers": [
            {
                "type": "dense",
                "activation": "tanh",
                "shape": [
                    null,
                    4
                ],
                "weights": [
                    [
                        [
                            0.6847110390663147,
                            -0.15952008962631226,
                            -0.1002657487988472,
                            -0.09253106266260147
                        ],
                        [
                            -0.16430062055587769,
                            0.20074643194675446,
                            0.035281952470541,
                            -0.1482170671224594
                        ],
                        [
                            0.8384680151939392,
                            0.7319000959396362,
                            -0.3235204517841339,
                            -0.6913050413131714
                        ],
                        [
                            0.032662540674209595,
                            0.22818386554718018,
                            0.00705350749194622,
                            -0.3187687397003174
                        ],
                        [
                            -0.6783169507980347,
                            -0.5049593448638916,
                            -0.6894416213035583,
                            -0.4717745780944824
                        ]
                    ],
                    [
                        -0.002379429992288351,
                        -0.0001534502225695178,
                        0.0003818367258645594,
                        0.001111100660637021
                    ]
                ]
            },
            {
                "type": "dense",
                "activation": "tanh",
                "shape": [
                    null,
                    4
                ],
                "weights": [
                    [
                        [
                            0.8173071146011353,
                            -0.19776174426078796,
                            0.27320343255996704,
                            0.3388996720314026
                        ],
                        [
                            0.1388600617647171,
                            -0.9726938605308533,
                            0.21231158077716827,
                            0.09398477524518967
                        ],
                        [
                            0.029854346066713333,
                            -0.45116984844207764,
                            0.1133166030049324,
                            0.3480343222618103
                        ],
                        [
                            0.46107855439186096,
                            -0.1386408656835556,
                            -0.1112971156835556,
                            0.3876550495624542
                        ]
                    ],
                    [
                        -0.004189793486148119,
                        0.001760787214152515,
                        -0.0004561405803542584,
                        0.0007893166039139032
                    ]
                ]
            },
            {
                "type": "dense",
                "activation": "",
                "shape": [
                    null,
                    1
                ],
                "weights": [
                    [
                        [
                            -0.21842104196548462
                        ],
                        [
                            -0.5009490251541138
                        ],
                        [
                            -0.026000909507274628
                        ],
                        [
                            0.543946385383606
                        ]
                    ],
                    [
                        -0.000536524981725961
                    ]
                ]
            }
        ]
    },
    "drive_100_40": {
        "in_shape": [
            null,
            5
        ],
        "layers": [
            {
                "type": "dense",
                "activation": "tanh",
                "shape": [
                    null,
                    4
                ],
                "weights": [
                    [
                        [
                            -0.27956512570381165,
                            -0.20386750996112823,
                            -0.10553296655416489,
                            -0.40799635648727417
                        ],
                        [
                            0.17886769771575928,
                            0.06871088594198227,
                            -0.2864990830421448,
                            0.1516551971435547
                        ],
                        [
                            -0.2574737071990967,
                            -0.17085275053977966,
                            -0.7630448341369629,
                            0.40976524353027344
                        ],
                        [
                            0.056832097470760345,
                            -0.1891668438911438,
                            -0.1817590445280075,
                            0.11325238645076752
                        ],
                        [
                            -1.173080325126648,
                            1.2341282367706299,
                            0.406678706407547,
                            -0.6884691119194031
                        ]
                    ],
                    [
                        0.0030404808931052685,
                        0.0034926887601614,
                        0.0015860939165577292,
                        -0.00038149559986777604
                    ]
                ]
            },
            {
                "type": "dense",
                "activation": "tanh",
                "shape": [
                    null,
                    4
                ],
                "weights": [
                    [
                        [
                            0.355114221572876,
                            0.36162400245666504,
                            0.7527233958244324,
                            0.35599616169929504
                        ],
                        [
                            -0.407550185918808,
                            -0.03212777525186539,
                            0.2265707105398178,
                            0.5696296095848083
                        ],
                        [
                            0.3253788948059082,
                            -0.38442039489746094,
                            -0.13519258797168732,
                            -0.47706902027130127
                        ],
                        [
                            0.8207194805145264,
                            -0.2139400690793991,
                            -0.6261714100837708,
                            0.14243191480636597
                        ]
                    ],
                    [
                        0.0010266579920426011,
                        -0.00045338706695474684,
                        -0.0012916263658553362,
                        -0.000324750755680725
                    ]
                ]
            },
            {
                "type": "dense",
                "activation": "",
                "shape": [
                    null,
                    1
                ],
                "weights": [
                    [
                        [
                            0.39059528708457947
                        ],
                        [
                            0.36833953857421875
                        ],
                        [
                            -0.4051505923271179
                        ],
                        [
                            0.3242816925048828
                        ]
                    ],
                    [
                        -0.00025155104231089354
                    ]
                ]
            }
        ]
    }
}