{
    "drive_0_10": {
        "in_shape": [
            null,
            5
        ],
        "layers": [
            {
                "type": "dense",
                "activation": "tanh",
                "shape": [
                    null,
                    4
                ],
                "weights": [
                    [
                        [
                            -0.1434706598520279,
                            -0.6685029864311218,
                            -0.634101152420044,
                            -0.12697264552116394
                        ],
                        [
                            0.02167738601565361,
                            -0.011351293884217739,
                            -0.20264442265033722,
                            0.24985314905643463
                        ],
                        [
                            -0.31116968393325806,
                            -0.6116676330566406,
                            -0.6153964400291443,
                            0.6525992751121521
                        ],
                        [
                            0.051930781453847885,
                            -0.13402657210826874,
                            -0.020057542249560356,
                            0.18782354891300201
                        ],
                        [
                            -0.5280595421791077,
                            0.15056101977825165,
                            0.048104021698236465,
                            -0.27288392186164856
                        ]
                    ],
                    [
                        0.0008110929047688842,
                        8.88190625119023e-05,
                        0.0015222443034872413,
                        -0.0008249881793744862
                    ]
                ]
            },
            {
                "type": "dense",
                "activation": "tanh",
                "shape": [
                    null,
                    4
                ],
                "weights": [
                    [
                        [
                            -0.011288944631814957,
                            -0.5513666868209839,
                            -0.7547948360443115,
                            -0.5763005614280701
                        ],
                        [
                            -0.38088658452033997,
                            -0.21520844101905823,
                            0.7634038925170898,
                            -0.3605485260486603
                        ],
                        [
                            0.13789020478725433,
                            0.5722217559814453,
                            -0.04554459825158119,
                            -0.38612493872642517
                        ],
                        [
                            -0.9077394604682922,
                            -0.01978692039847374,
                            0.42867717146873474,
                            -0.567776620388031
                        ]
                    ],
                    [
                        4.889264891971834e-05,
                        0.00022367564088199288,
                        6.368201866280288e-05,
                        -0.0009417743422091007
                    ]
                ]
            },
            {
                "type": "dense",
                "activation": "",
                "shape": [
                    null,
                    1
                ],
                "weights": [
                    [
                        [
                            -0.8181328177452087
                        ],
                        [
                            -0.34511497616767883
                        ],
                        [
                            -0.8322287797927856
                        ],
                        [
                            -0.08979840576648712
                        ]
                    ],
                    [
                        4.585586066241376e-05
                    ]
                ]
            }
        ]
    },
    "drive_5_10": {
        "in_shape": [
            null,
            5
        ],
        "layers": [
            {
                "type": "dense",
                "activation": "tanh",
                "shape": [
                    null,
                    4
                ],
                "weights": [
                    [
                        [
                            -0.0471656434237957,
                            -0.3215606212615967,
                            -0.5978421568870544,
                            -0.6371119618415833
                        ],
                        [
                            0.026522759348154068,
                            -0.2503565847873688,
                            -0.12007519602775574,
                            -0.13116005063056946
                        ],
                        [
                            0.647071123123169,
                            -0.33296865224838257,
                            0.3204934895038605,
                            -0.5352858901023865
                        ],
                        [
                            -0.11365499347448349,
                            0.26415738463401794,
                            0.3831501603126526,
                            -0.14079074561595917
                        ],
                        [
                            -0.10330987721681595,
                            0.8267128467559814,
                            -0.3381807804107666,
                            0.5418774485588074
                        ]
                    ],
                    [
                        -0.0011467307340353727,
                        0.0005832454189658165,
                        0.0010585957206785679,
                        -0.00016542553203180432
                    ]
                ]
            },
            {
                "type": "dense",
                "activation": "tanh",
                "shape": [
                    null,
                    4
                ],
                "weights": [
                    [
                        [
                            -0.6451647877693176,
                            -0.21131888031959534,
                            0.3914404511451721,
                            -0.510715901851654
                        ],
                        [
                            -0.42969295382499695,
                            0.842313826084137,
                            -0.452949583530426,
                            -0.6066926717758179
                        ],
                        [
                            -0.15265622735023499,
                            -0.3901384174823761,
                            0.18961156904697418,
                            0.44205546379089355
                        ],
                        [
                            0.37389490008354187,
                            1.0606671571731567,
                            0.5269178748130798,
                            -0.0257431473582983
                        ]
                    ],
                    [
                        -0.0030888731125742197,
                        0.0030656990129500628,
                        -0.0001497807534178719,
                        0.0005625460762530565
                    ]
                ]
            },
            {
                "type": "dense",
                "activation": "",
                "shape": [
                    null,
                    1
                ],
                "weights": [
                    [
                        [
                            -0.06968043744564056
                        ],
                        [
                            -0.2508069574832916
                        ],
                        [
                            -0.2895154654979706
                        ],
                        [
                            0.9055942893028259
                        ]
                    ],
                    [
                        -0.0007826811634004116
                    ]
                ]
            }
        ]
    },
    "drive_10_10": {
        "in_shape": [
            null,
            5
        ],
        "layers": [
            {
                "type": "dense",
                "activation": "tanh",
                "shape": [
                    null,
                    4
                ],
                "weights": [
                    [
                        [
                            -0.007282487582415342,
                            0.7129713892936707,
                            0.46297356486320496,
                            -0.5790511965751648
                        ],
                        [
                            -0.2328563779592514,
                            0.14334005117416382,
                            -0.06723570078611374,
                            -0.22007791697978973
                        ],
                        [
                            -0.2927989065647125,
                            -0.08162759989500046,
                            -0.7150554656982422,
                            -0.4752817451953888
                        ],
                        [
                            -0.40288180112838745,
                            0.5702380537986755,
                            -0.04575161263346672,
                            -0.3645608723163605
                        ],
                        [
                            -0.21479421854019165,
                            0.5100986957550049,
                            -0.8432502746582031,
                            0.18885983526706696
                        ]
                    ],
                    [
                        -0.0018537446158006787,
                        -0.0005946413148194551,
                        0.0016986208502203226,
                        0.0016546041006222367
                    ]
                ]
            },
            {
                "type": "dense",
                "activation": "tanh",
                "shape": [
                    null,
                    4
                ],
                "weights": [
                    [
                        [
                            -0.35806772112846375,
                            -0.014153440482914448,
                            0.35371312499046326,
                            0.7314949631690979
                        ],
                        [
                            -0.16720254719257355,
                            0.3041161000728607,
                            -0.11953184008598328,
                            -0.047406651079654694
                        ],
                        [
                            0.2594912648200989,
                            0.7521078586578369,
                            0.8052098155021667,
                            0.4433414340019226
                        ],
                        [
                            -0.4235699474811554,
                            -0.7150576114654541,
                            -0.544178307056427,
                            0.3180883228778839
                        ]
                    ],
                    [
                        -0.0001787111978046596,
                        -0.0006902932655066252,
                        -0.0006542698247358203,
                        -0.0004913727752864361
                    ]
                ]
            },
            {
                "type": "dense",
                "activation": "",
                "shape": [
                    null,
                    1
                ],
                "weights": [
                    [
                        [
                            0.8029003143310547
                        ],
                        [
                            -0.20127654075622559
                        ],
                        [
                            0.5163251161575317
                        ],
                        [
                            -0.08806835114955902
                        ]
                    ],
                    [
                        -8.65995098138228e-05
                    ]
                ]
            }
        ]
    },
    "drive_15_10": {
        "in_shape": [
            null,
            5
        ],
        "layers": [
            {
                "type": "dense",
                "activation": "tanh",
                "shape": [
                    null,
                    4
                ],
                "weights": [
                    [
                        [
                            0.8959449529647827,
                            0.06508146226406097,
                            0.7461308240890503,
                            -0.9590815305709839
                        ],
                        [
                            0.1538369059562683,
                            -0.15034762024879456,
                            -0.3472450375556946,
                            -0.9262935519218445
                        ],
                        [
                            -0.0672091469168663,
                            0.47137096524238586,
                            0.3921832740306854,
                            0.7016280293464661
                        ],
                        [
                            0.11586076021194458,
                            -0.2452022135257721,
                            -0.5059943795204163,
                            -0.6995172500610352
                        ],
                        [
                            0.3659193515777588,
                            0.953561544418335,
                            -0.6706297993659973,
                            0.24776531755924225
                        ]
                    ],
                    [
                        -0.0015884331660345197,
                        -0.0010561717208474874,
                        -0.0017896771896630526,
                        0.0047752889804542065
                    ]
                ]
            },
            {
                "type": "dense",
                "activation": "tanh",
                "shape": [
                    null,
                    4
                ],
                "weights": [
                    [
                        [
                            -0.27172988653182983,
                            0.5051749348640442,
                            -0.5752462148666382,
                            0.20540295541286469
                        ],
                        [
                            -0.09818331152200699,
                            0.3724193274974823,
                            -0.1143256276845932,
                            -0.788824200630188
                        ],
                        [
                            0.8248515725135803,
                            1.0507843494415283,
                            0.7990137934684753,
                            0.2133944183588028
                        ],
                        [
                            0.640710175037384,
                            0.7343908548355103,
                            -0.20749875903129578,
                            -0.4874022901058197
                        ]
                    ],
                    [
                        0.0006023719324730337,
                        0.0009222858934663236,
                        0.0002335646713618189,
                        -0.0004548361466731876
                    ]
                ]
            },
            {
                "type": "dense",
                "activation": "",
                "shape": [
                    null,
                    1
                ],
                "weights": [
                    [
                        [
                            0.5428995490074158
                        ],
                        [
                            0.17424581944942474
                        ],
                        [
                            -0.6032986044883728
                        ],
                        [
                            0.980694591999054
                        ]
                    ],
                    [
                        0.00023137705284170806
                    ]
                ]
            }
        ]
    },
    "drive_20_10": {
        "in_shape": [
            null,
            5
        ],
        "layers": [
            {
                "type": "dense",
                "activation": "tanh",
                "shape": [
                    null,
                    4
                ],
                "weights": [
                    [
                        [
                            0.07599445432424545,
                            -0.38876137137413025,
                            -0.07226552069187164,
                            0.576967716217041
                        ],
                        [
                            0.4557628631591797,
                            0.12590472400188446,
                            -0.4200438857078552,
                            0.10462205111980438
                        ],
                        [
                            0.7248592972755432,
                            0.6234627962112427,
                            -0.8577765822410583,
                            0.33636319637298584
                        ],
                        [
                            -0.4896866977214813,
                            0.07321195304393768,
                            0.27697432041168213,
                            -0.0538337305188179
                        ],
                        [
                            0.39024120569229126,
                            0.5578562617301941,
                            0.18765756487846375,
                            -0.5425383448600769
                        ]
                    ],
                    [
                        0.0010246626334264874,
                        -0.000699424825143069,
                        -0.0002216509310528636,
                        -0.00032696357811801136
                    ]
                ]
            },
            {
                "type": "dense",
                "activation": "tanh",
                "shape": [
                    null,
                    4
                ],
                "weights": [
                    [
                        [
                            -0.4420255124568939,
                            0.4241129755973816,
                            -0.5046871304512024,
                            -0.014699618332087994
                        ],
                        [
                            0.771332859992981,
                            -0.421927809715271,
                            0.6660705208778381,
                            -0.198834627866745
                        ],
                        [
                            -0.8552443385124207,
                            -0.776918351650238,
                            0.21498256921768188,
                            -0.5793758034706116
                        ],
                        [
                            -0.6200700402259827,
                            -0.3673974275588989,
                            -0.5032163858413696,
                            -0.08885540068149567
                        ]
                    ],
                    [
                        -0.0007076009642332792,
                        -0.0006501824245788157,
                        0.001545797334983945,
                        0.0004953274037688971
                    ]
                ]
            },
            {
                "type": "dense",
                "activation": "",
                "shape": [
                    null,
                    1
                ],
                "weights": [
                    [
                        [
                            -0.6506045460700989
                        ],
                        [
                            -0.6225467324256897
                        ],
                        [
                            -0.9132811427116394
                        ],
                        [
                            -0.07305292785167694
                        ]
                    ],
                    [
                        3.929825470549986e-05
                    ]
                ]
            }
        ]
    },
    "drive_25_10": {
        "in_shape": [
            null,
            5
        ],
        "layers": [
            {
                "type": "dense",
                "activation": "tanh",
                "shape": [
                    null,
                    4
                ],
                "weights": [
                    [
                        [
                            0.5121984481811523,
                            -0.678627610206604,
                            -0.7126675844192505,
                            -0.04813243821263313
                        ],
                        [
                            0.05904426798224449,
                            0.4210793077945709,
                            -0.03343306854367256,
                            -0.06482821702957153
                        ],
                        [
                            0.08466456830501556,
                            -0.3186890482902527,
                            0.6292309165000916,
                            0.34807512164115906
                        ],
                        [
                            0.12404204159975052,
                            -0.0738253965973854,
                            0.2964314818382263,
                            0.03992888703942299
                        ],
                        [
                            -0.344021201133728,
                            0.707222580909729,
                            0.3439878225326538,
                            0.9964041709899902
                        ]
                    ],
                    [
                        -8.915028593037277e-05,
                        -0.00043076317524537444,
                        0.0009767665760591626,
                        -0.00038777178269810975
                    ]
                ]
            },
            {
                "type": "dense",
                "activation": "tanh",
                "shape": [
                    null,
                    4
                ],
                "weights": [
                    [
                        [
                            -0.6006760001182556,
                            -0.43989741802215576,
                            -0.0026793943252414465,
                            0.3585647940635681
                        ],
                        [
                            0.7021023035049438,
                            -0.1593104600906372,
                            -0.21889185905456543,
                            0.03696887195110321
                        ],
                        [
                            0.6906722784042358,
                            0.47668883204460144,
                            -0.20409469306468964,
                            -0.09379339963197708
                        ],
                        [
                            -0.4731982946395874,
                            0.6811819076538086,
                            0.46687087416648865,
                            -0.6250889897346497
                        ]
                    ],
                    [
                        1.7301801563007757e-05,
                        0.0005652749096043408,
                        3.57611570507288e-05,
                        6.336622755043209e-05
                    ]
                ]
            },
            {
                "type": "dense",
                "activation": "",
                "shape": [
                    null,
                    1
                ],
                "weights": [
                    [
                        [
                            -0.5125027298927307
                        ],
                        [
                            0.29217812418937683
                        ],
                        [
                            -0.5600506067276001
                        ],
                        [
                            0.9755244851112366
                        ]
                    ],
                    [
                        -0.00030131297535263
                    ]
                ]
            }
        ]
    },
    "drive_30_10": {
        "in_shape": [
            null,
            5
        ],
        "layers": [
            {
                "type": "dense",
                "activation": "tanh",
                "shape": [
                    null,
                    4
                ],
                "weights": [
                    [
                        [
                            -0.7914354801177979,
                            0.7370220422744751,
                            0.7754168510437012,
                            0.3313100337982178
                        ],
                        [
                            0.42368561029434204,
                            -0.38781338930130005,
                            0.14319638907909393,
                            -0.04618357867002487
                        ],
                        [
                            0.3029603362083435,
                            -0.28565314412117004,
                            0.09980640560388565,
                            0.8311173319816589
                        ],
                        [
                            0.1725519746541977,
                            -0.33306872844696045,
                            0.15419040620326996,
                            -0.6116927862167358
                        ],
                        [
                            -0.2880367636680603,
                            0.6129648089408875,
                            -0.007714214734733105,
                            0.41248631477355957
                        ]
                    ],
                    [
                        0.001735982485115528,
                        -0.0012089050142094493,
                        -0.0014787777327001095,
                        -0.004965719301253557
                    ]
                ]
            },
            {
                "type": "dense",
                "activation": "tanh",
                "shape": [
                    null,
                    4
                ],
                "weights": [
                    [
                        [
                            -0.5401761531829834,
                            0.4781849980354309,
                            0.30557024478912354,
                            0.5699049234390259
                        ],
                        [
                            -0.8173155188560486,
                            -0.7646910548210144,
                            -0.47186362743377686,
                            -0.005492235533893108
                        ],
                        [
                            0.26875174045562744,
                            1.119787335395813,
                            0.44583362340927124,
                            0.5617744326591492
                        ],
                        [
                            0.0820847675204277,
                            -0.5105405449867249,
                            -0.563451886177063,
                            0.0339210107922554
                        ]
                    ],
                    [
                        -0.0002082680002786219,
                        -0.0002347315166844055,
                        0.0006608956609852612,
                        6.7187036620453e-05
                    ]
                ]
            },
            {
                "type": "dense",
                "activation": "",
                "shape": [
                    null,
                    1
                ],
                "weights": [
                    [
                        [
                            0.5485414862632751
                        ],
                        [
                            -0.3009830713272095
                        ],
                        [
                            0.33775120973587036
                        ],
                        [
                            0.4757063686847687
                        ]
                    ],
                    [
                        -0.00014483556151390076
                    ]
                ]
            }
        ]
    },
    "drive_35_10": {
        "in_shape": [
            null,
            5
        ],
        "layers": [
            {
                "type": "dense",
                "activation": "tanh",
                "shape": [
                    null,
                    4
                ],
                "weights": [
                    [
                        [
                            0.794313907623291,
                            1.0648001432418823,
                            0.5095221996307373,
                            0.42158272862434387
                        ],
                        [
                            -0.37782153487205505,
                            -0.010578022338449955,
                            -0.05124581605195999,
                            0.4918248653411865
                        ],
                        [
                            0.08693982660770416,
                            -0.025544509291648865,
                            1.0545756816864014,
                            -1.0292471647262573
                        ],
                        [
                            -0.4231099486351013,
                            0.004145949147641659,
                            -0.5142116546630859,
                            0.6164566874504089
                        ],
                        [
                            -0.198373481631279,
                            -1.0923912525177002,
                            -0.7070890665054321,
                            -0.5458627939224243
                        ]
                    ],
                    [
                        -0.0024735075421631336,
                        -0.0016861347248777747,
                        -0.00017088094318751246,
                        0.002281788969412446
                    ]
                ]
            },
            {
                "type": "dense",
                "activation": "tanh",
                "shape": [
                    null,
                    4
                ],
                "weights": [
                    [
                        [
                            -0.2498306930065155,
                            0.07024860382080078,
                            -0.10512718558311462,
                            -0.5136801600456238
                        ],
                        [
                            0.15244156122207642,
                            0.19250933825969696,
                            -0.5581277012825012,
                            0.8415965437889099
                        ],
                        [
                            -0.8270135521888733,
                            0.7246047854423523,
                            0.9410079121589661,
                            0.20824791491031647
                        ],
                        [
                            -0.5243239402770996,
                            0.4995315670967102,
                            0.8951941728591919,
                            -0.3902563452720642
                        ]
                    ],
                    [
                        0.0004981511156074703,
                        -0.0002940378326456994,
                        0.0004856304731220007,
                        -0.0012395441299304366
                    ]
                ]
            },
            {
                "type": "dense",
                "activation": "",
                "shape": [
                    null,
                    1
                ],
                "weights": [
                    [
                        [
                            0.7319857478141785
                        ],
                        [
                            0.12272191047668457
                        ],
                        [
                            0.4648704528808594
                        ],
                        [
                            0.6559714078903198
                        ]
                    ],
                    [
                        -9.630024578655139e-05
                    ]
                ]
            }
        ]
    },
    "drive_40_10": {
        "in_shape": [
            null,
            5
        ],
        "layers": [
            {
                "type": "dense",
                "activation": "tanh",
                "shape": [
                    null,
                    4
                ],
                "weights": [
                    [
                        [
                            0.5164576768875122,
                            0.7319043278694153,
                            -0.412929505109787,
                            0.26312750577926636
                        ],
                        [
                            0.12853044271469116,
                            -0.6029287576675415,
                            0.21214671432971954,
                            0.2939150631427765
                        ],
                        [
                            0.29720979928970337,
                            0.3442564308643341,
                            -0.101991668343544,
                            1.0807960033416748
                        ],
                        [
                            0.06571737676858902,
                            -0.6484208703041077,
                            0.23311805725097656,
                            0.3632369637489319
                        ],
                        [
                            -0.5117176175117493,
                            -1.13368558883667,
                            -0.39415478706359863,
                            -0.0022350705694407225
                        ]
                    ],
                    [
                        -0.0038096867501735687,
                        -0.0039473408833146095,
                        0.001831391709856689,
                        0.005003700032830238
                    ]
                ]
            },
            {
                "type": "dense",
                "activation": "tanh",
                "shape": [
                    null,
                    4
                ],
                "weights": [
                    [
                        [
                            0.4973258376121521,
                            0.08215723931789398,
                            -0.6617965698242188,
                            0.3658595383167267
                        ],
                        [
                            0.470680296421051,
                            -0.7466390132904053,
                            -0.16028086841106415,
                            0.535127580165863
                        ],
                        [
                            0.1779175102710724,
                            -0.2732711732387543,
                            -0.46098610758781433,
                            -0.2420998215675354
                        ],
                        [
                            -0.6294472813606262,
                            0.21953783929347992,
                            0.24445591866970062,
                            -0.6207206845283508
                        ]
                    ],
                    [
                        -0.0008971695206128061,
                        0.00020899911760352552,
                        0.00037501094629988074,
                        -0.0006821677088737488
                    ]
                ]
            },
            {
                "type": "dense",
                "activation": "",
                "shape": [
                    null,
                    1
                ],
                "weights": [
                    [
                        [
                            -0.4450668394565582
                        ],
                        [
                            -0.5088752508163452
                        ],
                        [
                            -1.0682262182235718
                        ],
                        [
                            -0.34942615032196045
                        ]
                    ],
                    [
                        2.1265284885885194e-05
                    ]
                ]
            }
        ]
    },
    "drive_45_10": {
        "in_shape": [
            null,
            5
        ],
        "layers": [
            {
                "type": "dense",
                "activation": "tanh",
                "shape": [
                    null,
                    4
                ],
                "weights": [
                    [
                        [
                            0.11647093296051025,
                            0.25658273696899414,
                            -0.8779089450836182,
                            0.16610188782215118
                        ],
                        [
                            0.6595662236213684,
                            0.007686864584684372,
                            0.055402182042598724,
                            0.35209131240844727
                        ],
                        [
                            -0.09484701603651047,
                            -0.4488147497177124,
                            0.24100548028945923,
                            -0.4195375144481659
                        ],
                        [
                            -0.5580766201019287,
                            -0.018196772783994675,
                            -0.05950918793678284,
                            -0.25708791613578796
                        ],
                        [
                            0.3318297266960144,
                            -1.1981351375579834,
                            -0.4132072329521179,
                            0.8511450290679932
                        ]
                    ],
                    [
                        0.00854055117815733,
                        0.001310823019593954,
                        0.0015855145175009966,
                        0.004298379644751549
                    ]
                ]
            },
            {
                "type": "dense",
                "activation": "tanh",
                "shape": [
                    null,
                    4
                ],
                "weights": [
                    [
                        [
                            -0.35374730825424194,
                            -0.06277506053447723,
                            -0.051908910274505615,
                            -0.10353130847215652
                        ],
                        [
                            -0.7810347080230713,
                            0.5109848380088806,
                            -0.2373889684677124,
                            -0.15959544479846954
                        ],
                        [
                            -0.10484375059604645,
                            -0.0692012682557106,
                            -0.09032934904098511,
                            -0.5796664357185364
                        ],
                        [
                            0.875076174736023,
                            -0.3274286985397339,
                            -0.24265480041503906,
                            0.5093721747398376
                        ]
                    ],
                    [
                        0.00013562245294451714,
                        0.0003770645125769079,
                        -0.0002684272185433656,
                        -0.00016235545626841486
                    ]
                ]
            },
            {
                "type": "dense",
                "activation": "",
                "shape": [
                    null,
                    1
                ],
                "weights": [
                    [
                        [
                            -0.3846359848976135
                        ],
                        [
                            0.44104403257369995
                        ],
                        [
                            -0.21634921431541443
                        ],
                        [
                            0.7283737063407898
                        ]
                    ],
                    [
                        -0.00010343250323785469
                    ]
                ]
            }
        ]
    },
    "drive_50_10": {
        "in_shape": [
            null,
            5
        ],
        "layers": [
            {
                "type": "dense",
                "activation": "tanh",
                "shape": [
                    null,
                    4
                ],
                "weights": [
                    [
                        [
                            -0.33826562762260437,
                            -0.6064288020133972,
                            0.07774415612220764,
                            0.2521823048591614
                        ],
                        [
                            0.3364989459514618,
                            -0.040770575404167175,
                            0.28337904810905457,
                            0.3277859687805176
                        ],
                        [
                            0.11246226727962494,
                            0.968196451663971,
                            1.078417420387268,
                            0.8355511426925659
                        ],
                        [
                            -0.021254368126392365,
                            0.3654193878173828,
                            0.32236626744270325,
                            0.40027227997779846
                        ],
                        [
                            -0.7254436016082764,
                            -0.1559377759695053,
                            1.1457374095916748,
                            -0.23183439671993256
                        ]
                    ],
                    [
                        0.0008916712831705809,
                        -0.0006134266150183976,
                        0.001185477478429675,
                        -0.0013564798282459378
                    ]
                ]
            },
            {
                "type": "dense",
                "activation": "tanh",
                "shape": [
                    null,
                    4
                ],
                "weights": [
                    [
                        [
                            0.7295321226119995,
                            0.1848636418581009,
                            -0.46044641733169556,
                            -0.3118598759174347
                        ],
                        [
                            -0.1268657147884369,
                            0.33861762285232544,
                            -0.47275492548942566,
                            -0.1779640018939972
                        ],
                        [
                            0.5781943202018738,
                            0.545265257358551,
                            0.42082738876342773,
                            -0.03481653332710266
                        ],
                        [
                            0.009324010461568832,
                            -0.6103220582008362,
                            -0.6171782612800598,
                            0.050234097987413406
                        ]
                    ],
                    [
                        -0.0012389591429382563,
                        0.0008922639535740018,
                        -0.00014638976426795125,
                        0.00012008484918624163
                    ]
                ]
            },
            {
                "type": "dense",
                "activation": "",
                "shape": [
                    null,
                    1
                ],
                "weights": [
                    [
                        [
                            0.29306456446647644
                        ],
                        [
                            0.2664814889431
                        ],
                        [
                            -0.717526376247406
                        ],
                        [
                            -0.9672184586524963
                        ]
                    ],
                    [
                        -0.00014821079093962908
                    ]
                ]
            }
        ]
    },
    "drive_55_10": {
        "in_shape": [
            null,
            5
        ],
        "layers": [
            {
                "type": "dense",
                "activation": "tanh",
                "shape": [
                    null,
                    4
                ],
                "weights": [
                    [
                        [
                            -0.462796151638031,
                            0.6827037930488586,
                            0.3439469635486603,
                            0.47816285490989685
                        ],
                        [
                            -0.11054518073797226,
                            0.11883191764354706,
                            -0.6991954445838928,
                            -0.29882365465164185
                        ],
                        [
                            0.8736273050308228,
                            0.49996963143348694,
                            -0.755194365978241,
                            -0.10402864962816238
                        ],
                        [
                            0.20158997178077698,
                            0.27642980217933655,
                            -0.7589412927627563,
                            -0.22339139878749847
                        ],
                        [
                            -0.2740810811519623,
                            -0.4487995207309723,
                            0.018880458548665047,
                            0.8180307745933533
                        ]
                    ],
                    [
                        -0.004227798897773027,
                        -0.0017775872256606817,
                        0.0016115945763885975,
                        -0.0007518276106566191
                    ]
                ]
            },
            {
                "type": "dense",
                "activation": "tanh",
                "shape": [
                    null,
                    4
                ],
                "weights": [
                    [
                        [
                            0.03985747694969177,
                            -0.4511067569255829,
                            -0.5513055324554443,
                            -0.19369462132453918
                        ],
                        [
                            -0.6205358505249023,
                            -0.47889670729637146,
                            -0.8767171502113342,
                            -0.03940272703766823
                        ],
                        [
                            0.08307801187038422,
                            0.29569658637046814,
                            -0.35647350549697876,
                            -0.45579007267951965
                        ],
                        [
                            0.34668946266174316,
                            -0.6297099590301514,
                            -0.11438989639282227,
                            -0.12528149783611298
                        ]
                    ],
                    [
                        0.0007226835587061942,
                        -0.0010202977573499084,
                        -0.0009352902416139841,
                        0.0015640881611034274
                    ]
                ]
            },
            {
                "type": "dense",
                "activation": "",
                "shape": [
                    null,
                    1
                ],
                "weights": [
                    [
                        [
                            -0.524536669254303
                        ],
                        [
                            0.6755611896514893
                        ],
                        [
                            -0.5434649586677551
                        ],
                        [
                            0.17396549880504608
                        ]
                    ],
                    [
                        -5.937687092227861e-06
                    ]
                ]
            }
        ]
    },
    "drive_60_10": {
        "in_shape": [
            null,
            5
        ],
        "layers": [
            {
                "type": "dense",
                "activation": "tanh",
                "shape": [
                    null,
                    4
                ],
                "weights": [
                    [
                        [
                            -0.8111588954925537,
                            -0.7762381434440613,
                            0.8878114819526672,
                            -0.046878453344106674
                        ],
                        [
                            0.26718607544898987,
                            -0.19703198969364166,
                            -0.5543621182441711,
                            -0.15585429966449738
                        ],
                        [
                            0.2780478596687317,
                            -0.30068933963775635,
                            -0.746178388595581,
                            0.13148504495620728
                        ],
                        [
                            0.2930837869644165,
                            -0.1659129112958908,
                            -0.44168728590011597,
                            -0.13401496410369873
                        ],
                        [
                            -1.5037089586257935,
                            0.16721488535404205,
                            -0.42233866453170776,
                            0.0192152950912714
                        ]
                    ],
                    [
                        0.002227159682661295,
                        0.004410510417073965,
                        0.001239510835148394,
                        0.00018913706298917532
                    ]
                ]
            },
            {
                "type": "dense",
                "activation": "tanh",
                "shape": [
                    null,
                    4
                ],
                "weights": [
                    [
                        [
                            -0.3663373291492462,
                            -0.5840471982955933,
                            0.2902347445487976,
                            -0.33098098635673523
                        ],
                        [
                            1.1828746795654297,
                            -0.6118335723876953,
                            0.3125864267349243,
                            0.7649394869804382
                        ],
                        [
                            0.4838901460170746,
                            0.5203614830970764,
                            0.3284135162830353,
                            -0.3797924220561981
                        ],
                        [
                            -0.2074613720178604,
                            -0.8347012400627136,
                            -0.5398792028427124,
                            0.5940072536468506
                        ]
                    ],
                    [
                        0.0014570776838809252,
                        0.0001905570097733289,
                        0.0019274605438113213,
                        0.0015939458971843123
                    ]
                ]
            },
            {
                "type": "dense",
                "activation": "",
                "shape": [
                    null,
                    1
                ],
                "weights": [
                    [
                        [
                            0.35413819551467896
                        ],
                        [
                            0.34128016233444214
                        ],
                        [
                            0.5987414717674255
                        ],
                        [
                            -0.8423670530319214
                        ]
                    ],
                    [
                        -0.00042226139339618385
                    ]
                ]
            }
        ]
    },
    "drive_65_10": {
        "in_shape": [
            null,
            5
        ],
        "layers": [
            {
                "type": "dense",
                "activation": "tanh",
                "shape": [
                    null,
                    4
                ],
                "weights": [
                    [
                        [
                            0.06736492365598679,
                            0.1471383422613144,
                            -0.8493778705596924,
                            0.011103915981948376
                        ],
                        [
                            0.3085178732872009,
                            0.005506256595253944,
                            -0.023526646196842194,
                            0.06325055658817291
                        ],
                        [
                            0.8945508599281311,
                            0.29253482818603516,
                            0.06679783761501312,
                            -0.43383628129959106
                        ],
                        [
                            0.5931663513183594,
                            -0.5070341229438782,
                            -0.13112647831439972,
                            0.05379682406783104
                        ],
                        [
                            0.0373268723487854,
                            0.6893438100814819,
                            0.32196033000946045,
                            -0.6961889863014221
                        ]
                    ],
                    [
                        -0.003291973378509283,
                        -0.00574113056063652,
                        0.0010534171015024185,
                        0.0008997739059850574
                    ]
                ]
            },
            {
                "type": "dense",
                "activation": "tanh",
                "shape": [
                    null,
                    4
                ],
                "weights": [
                    [
                        [
                            -0.3040773570537567,
                            -0.6834061145782471,
                            0.061670951545238495,
                            -1.0147439241409302
                        ],
                        [
                            -0.4179055988788605,
                            -0.5106956362724304,
                            0.5474846959114075,
                            0.032269395887851715
                        ],
                        [
                            -0.0717422366142273,
                            0.9951883554458618,
                            -0.7646445035934448,
                            0.06454237550497055
                        ],
                        [
                            0.279845654964447,
                            -0.9257259964942932,
                            0.4137800633907318,
                            0.39329102635383606
                        ]
                    ],
                    [
                        0.0008627772913314402,
                        -0.00018297566566616297,
                        -0.0011011293390765786,
                        0.0012793750502169132
                    ]
                ]
            },
            {
                "type": "dense",
                "activation": "",
                "shape": [
                    null,
                    1
                ],
                "weights": [
                    [
                        [
                            0.6233032941818237
                        ],
                        [
                            0.1470235139131546
                        ],
                        [
                            0.5733508467674255
                        ],
                        [
                            -0.1609620749950409
                        ]
                    ],
                    [
                        6.877134728711098e-05
                    ]
                ]
            }
        ]
    },
    "drive_70_10": {
        "in_shape": [
            null,
            5
        ],
        "layers": [
            {
                "type": "dense",
                "activation": "tanh",
                "shape": [
                    null,
                    4
                ],
                "weights": [
                    [
                        [
                            -0.9036553502082825,
                            -0.6269936561584473,
                            1.0499483346939087,
                            -0.31535205245018005
                        ],
                        [
                            0.16862498223781586,
                            -0.05417662858963013,
                            0.1286931037902832,
                            0.1340046375989914
                        ],
                        [
                            0.08707518875598907,
                            0.030583148822188377,
                            0.006023881025612354,
                            0.6894235610961914
                        ],
                        [
                            -0.284467488527298,
                            0.2592013478279114,
                            0.07556478679180145,
                            -0.03353552892804146
                        ],
                        [
                            0.6458601951599121,
                            0.8409221768379211,
                            -0.18045111000537872,
                            0.9325660467147827
                        ]
                    ],
                    [
                        0.001037643407471478,
                        -0.001857386901974678,
                        -0.003623410826548934,
                        -0.0010305995820090175
                    ]
                ]
            },
            {
                "type": "dense",
                "activation": "tanh",
                "shape": [
                    null,
                    4
                ],
                "weights": [
                    [
                        [
                            0.5512711405754089,
                            0.9161450862884521,
                            -0.7437619566917419,
                            0.2690449059009552
                        ],
                        [
                            -0.18674606084823608,
                            -0.05449725314974785,
                            0.4349338114261627,
                            -0.5395529866218567
                        ],
                        [
                            -0.4379000663757324,
                            -0.5709967017173767,
                            0.4279237687587738,
                            -0.051926761865615845
                        ],
                        [
                            0.17451111972332,
                            0.6497464179992676,
                            0.36672788858413696,
                            -0.7792355418205261
                        ]
                    ],
                    [
                        -0.0006308166193775833,
                        -0.00023510525352321565,
                        0.0015010593924671412,
                        2.3652006348129362e-05
                    ]
                ]
            },
            {
                "type": "dense",
                "activation": "",
                "shape": [
                    null,
                    1
                ],
                "weights": [
                    [
                        [
                            -0.9557579159736633
                        ],
                        [
                            0.37620893120765686
                        ],
                        [
                            -0.0954834595322609
                        ],
                        [
                            0.43422186374664307
                        ]
                    ],
                    [
                        -0.00044284609612077475
                    ]
                ]
            }
        ]
    },
    "drive_75_10": {
        "in_shape": [
            null,
            5
        ],
        "layers": [
            {
                "type": "dense",
                "activation": "tanh",
                "shape": [
                    null,
                    4
                ],
                "weights": [
                    [
                        [
                            -0.25393667817115784,
                            -0.39818593859672546,
                            -0.8117914199829102,
                            0.5114197134971619
                        ],
                        [
                            -0.3707943856716156,
                            -0.5418552756309509,
                            0.33265697956085205,
                            -0.33310261368751526
                        ],
                        [
                            -0.50140780210495,
                            -0.4273889660835266,
                            -0.08587261289358139,
                            -0.2256394326686859
                        ],
                        [
                            -0.2602429687976837,
                            -0.35536810755729675,
                            0.38958537578582764,
                            -0.22460229694843292
                        ],
                        [
                            0.07675079256296158,
                            -0.9294524192810059,
                            -0.4105847477912903,
                            -0.0894700139760971
                        ]
                    ],
                    [
                        0.000985576189123094,
                        0.0013794490369036794,
                        0.0022682095877826214,
                        -0.0024279996287077665
                    ]
                ]
            },
            {
                "type": "dense",
                "activation": "tanh",
                "shape": [
                    null,
                    4
                ],
                "weights": [
                    [
                        [
                            -0.7976198792457581,
                            -0.4973328411579132,
                            0.6619338393211365,
                            -0.4239104092121124
                        ],
                        [
                            -0.44983166456222534,
                            0.6213737726211548,
                            -0.7168416380882263,
                            0.6377065777778625
                        ],
                        [
                            -0.4636530876159668,
                            0.5550482273101807,
                            0.7876155972480774,
                            -0.4008740484714508
                        ],
                        [
                            0.05152928829193115,
                            -0.04162561148405075,
                            0.05612712353467941,
                            -0.00977680366486311
                        ]
                    ],
                    [
                        -0.0010399470338597894,
                        -0.0001660576817812398,
                        -0.0006501427269540727,
                        -0.00016503705410286784
                    ]
                ]
            },
            {
                "type": "dense",
                "activation": "",
                "shape": [
                    null,
                    1
                ],
                "weights": [
                    [
                        [
                            0.21461598575115204
                        ],
                        [
                            0.6299707293510437
                        ],
                        [
                            -0.4783588647842407
                        ],
                        [
                            -0.5835933089256287
                        ]
                    ],
                    [
                        -0.0002866935101337731
                    ]
                ]
            }
        ]
    },
    "drive_80_10": {
        "in_shape": [
            null,
            5
        ],
        "layers": [
            {
                "type": "dense",
                "activation": "tanh",
                "shape": [
                    null,
                    4
                ],
                "weights": [
                    [
                        [
                            -0.38106876611709595,
                            0.4191781282424927,
                            -0.10706205666065216,
                            -0.45917341113090515
                        ],
                        [
                            0.15814009308815002,
                            -0.028903111815452576,
                            0.24593405425548553,
                            0.040774233639240265
                        ],
                        [
                            0.007212687283754349,
                            0.4064866304397583,
                            0.619586706161499,
                            -0.6420668959617615
                        ],
                        [
                            0.1705135852098465,
                            0.18455654382705688,
                            0.21505525708198547,
                            -0.2829432189464569
                        ],
                        [
                            -1.2559051513671875,
                            0.1315729171037674,
                            -0.7118653059005737,
                            0.8198855519294739
                        ]
                    ],
                    [
                        -0.0016209640307351947,
                        -0.0009363882127217948,
                        -0.00020436606428120285,
                        0.0020195168908685446
                    ]
                ]
            },
            {
                "type": "dense",
                "activation": "tanh",
                "shape": [
                    null,
                    4
                ],
                "weights": [
                    [
                        [
                            0.1149846687912941,
                            -0.7330464124679565,
                            0.6028542518615723,
                            -0.5372202396392822
                        ],
                        [
                            0.515328586101532,
                            -0.29839664697647095,
                            -0.38266026973724365,
                            -0.9343858957290649
                        ],
                        [
                            0.34415990114212036,
                            0.8203191161155701,
                            0.0055089653469622135,
                            -0.18091575801372528
                        ],
                        [
                            -0.45231106877326965,
                            -0.33824899792671204,
                            -0.18066063523292542,
                            0.47662118077278137
                        ]
                    ],
                    [
                        -0.00233985623344779,
                        0.0005009548622183502,
                        0.0017886038403958082,
                        0.000997487106360495
                    ]
                ]
            },
            {
                "type": "dense",
                "activation": "",
                "shape": [
                    null,
                    1
                ],
                "weights": [
                    [
                        [
                            0.5400476455688477
                        ],
                        [
                            0.4886978268623352
                        ],
                        [
                            0.8697053790092468
                        ],
                        [
                            0.4177205264568329
                        ]
                    ],
                    [
                        -0.0007108939462341368
                    ]
                ]
            }
        ]
    },
    "drive_85_10": {
        "in_shape": [
            null,
            5
        ],
        "layers": [
            {
                "type": "dense",
                "activation": "tanh",
                "shape": [
                    null,
                    4
                ],
                "weights": [
                    [
                        [
                            -0.5142483115196228,
                            0.30071771144866943,
                            0.7681020498275757,
                            -0.17571625113487244
                        ],
                        [
                            -0.22497349977493286,
                            -0.1643519401550293,
                            0.07254395633935928,
                            0.05778105556964874
                        ],
                        [
                            -0.09133327007293701,
                            0.2734527587890625,
                            -0.13674527406692505,
                            -0.10543780773878098
                        ],
                        [
                            -0.1860508769750595,
                            -0.10133776813745499,
                            0.06414229422807693,
                            0.09342837333679199
                        ],
                        [
                            -0.30763188004493713,
                            1.4454519748687744,
                            0.14354412257671356,
                            -1.2015681266784668
                        ]
                    ],
                    [
                        0.0020857525523751974,
                        -0.00013168917212169617,
                        -0.001991711091250181,
                        0.0015445910394191742
                    ]
                ]
            },
            {
                "type": "dense",
                "activation": "tanh",
                "shape": [
                    null,
                    4
                ],
                "weights": [
                    [
                        [
                            -0.5495086312294006,
                            0.08705324679613113,
                            0.13917551934719086,
                            -0.6117120981216431
                        ],
                        [
                            0.7469221949577332,
                            0.10596974194049835,
                            -0.4259503185749054,
                            -0.9566100239753723
                        ],
                        [
                            -0.5395775437355042,
                            0.4164508283138275,
                            0.4087403118610382,
                            -0.7239035367965698
                        ],
                        [
                            -0.6444448232650757,
                            0.6321805119514465,
                            -0.4519819915294647,
                            0.34537145495414734
                        ]
                    ],
                    [
                        0.00045093841617926955,
                        0.0003188382543157786,
                        -0.00096115842461586,
                        -0.0006681549712084234
                    ]
                ]
            },
            {
                "type": "dense",
                "activation": "",
                "shape": [
                    null,
                    1
                ],
                "weights": [
                    [
                        [
                            -0.5984207987785339
                        ],
                        [
                            0.39341357350349426
                        ],
                        [
                            0.36439797282218933
                        ],
                        [
                            -0.5488567352294922
                        ]
                    ],
                    [
                        0.00019100199278909713
                    ]
                ]
            }
        ]
    },
    "drive_90_10": {
        "in_shape": [
            null,
            5
        ],
        "layers": [
            {
                "type": "dense",
                "activation": "tanh",
                "shape": [
                    null,
                    4
                ],
                "weights": [
                    [
                        [
                            0.7697553634643555,
                            -0.2075909674167633,
                            0.46210962533950806,
                            0.7296256422996521
                        ],
                        [
                            0.4088309109210968,
                            -0.31462687253952026,
                            -0.1901618391275406,
                            -0.33086517453193665
                        ],
                        [
                            0.03651563823223114,
                            -0.5414993166923523,
                            0.2609161138534546,
                            0.07840212434530258
                        ],
                        [
                            0.5107582211494446,
                            -0.32198718190193176,
                            -0.06616213172674179,
                            -0.37817391753196716
                        ],
                        [
                            0.7022626399993896,
                            0.4752536714076996,
                            0.4998045265674591,
                            0.3028433620929718
                        ]
                    ],
                    [
                        -0.004045085981488228,
                        0.0020840419456362724,
                        -0.008960803970694542,
                        0.00039655057480558753
                    ]
                ]
            },
            {
                "type": "dense",
                "activation": "tanh",
                "shape": [
                    null,
                    4
                ],
                "weights": [
                    [
                        [
                            -0.46967145800590515,
                            0.6554267406463623,
                            0.08940432220697403,
                            -0.5738491415977478
                        ],
                        [
                            -1.1165449619293213,
                            0.4350907802581787,
                            0.3813779354095459,
                            0.11009443551301956
                        ],
                        [
                            0.3155530095100403,
                            0.12863041460514069,
                            -0.47336697578430176,
                            -0.3409094512462616
                        ],
                        [
                            0.5098749399185181,
                            0.9153038859367371,
                            -0.2453148514032364,
                            0.00037449668161571026
                        ]
                    ],
                    [
                        -0.0006597517640329897,
                        0.0010862525086849928,
                        0.0014109390322118998,
                        0.002707845065742731
                    ]
                ]
            },
            {
                "type": "dense",
                "activation": "",
                "shape": [
                    null,
                    1
                ],
                "weights": [
                    [
                        [
                            0.4723493456840515
                        ],
                        [
                            -0.2273986041545868
                        ],
                        [
                            0.5127196907997131
                        ],
                        [
                            -0.20626167953014374
                        ]
                    ],
                    [
                        2.450073225190863e-05
                    ]
                ]
            }
        ]
    },
    "drive_95_10": {
        "in_shape": [
            null,
            5
        ],
        "layers": [
            {
                "type": "dense",
                "activation": "tanh",
                "shape": [
                    null,
                    4
                ],
                "weights": [
                    [
                        [
                            -0.6968259811401367,
                            -0.5119528770446777,
                            0.6784402132034302,
                            -0.1574333757162094
                        ],
                        [
                            -0.21525490283966064,
                            -0.3001931607723236,
                            -0.2596851885318756,
                            0.3157399296760559
                        ],
                        [
                            -0.2978331446647644,
                            -0.4600551128387451,
                            -0.17073078453540802,
                            0.76231449842453
                        ],
                        [
                            0.5795195698738098,
                            0.5711900591850281,
                            -0.268665075302124,
                            0.24182181060314178
                        ],
                        [
                            0.1244911253452301,
                            -0.7648255825042725,
                            0.8633722066879272,
                            0.06347459554672241
                        ]
                    ],
                    [
                        -0.0010475281160324812,
                        0.001009325380437076,
                        -0.002572258934378624,
                        -0.003197156125679612
                    ]
                ]
            },
            {
                "type": "dense",
                "activation": "tanh",
                "shape": [
                    null,
                    4
                ],
                "weights": [
                    [
                        [
                            -0.32796624302864075,
                            -0.6653625965118408,
                            0.6854835152626038,
                            0.1958255022764206
                        ],
                        [
                            0.2796550691127777,
                            0.7733157277107239,
                            -0.6088387370109558,
                            -0.3897951543331146
                        ],
                        [
                            -0.17458145320415497,
                            0.09783556312322617,
                            -0.4788453280925751,
                            0.7355648279190063
                        ],
                        [
                            -0.08564659208059311,
                            0.45281121134757996,
                            0.2434532344341278,
                            -0.3644598722457886
                        ]
                    ],
                    [
                        0.0002973474038299173,
                        -9.02753381524235e-05,
                        0.00017484814452473074,
                        -0.0015994654968380928
                    ]
                ]
            },
            {
                "type": "dense",
                "activation": "",
                "shape": [
                    null,
                    1
                ],
                "weights": [
                    [
                        [
                            0.9026506543159485
                        ],
                        [
                            0.47942984104156494
                        ],
                        [
                            0.6158497929573059
                        ],
                        [
                            0.3346497118473053
                        ]
                    ],
                    [
                        2.7600617613643408e-05
                    ]
                ]
            }
        ]
    },
    "drive_100_10": {
        "in_shape": [
            null,
            5
        ],
        "layers": [
            {
                "type": "dense",
                "activation": "tanh",
                "shape": [
                    null,
                    4
                ],
                "weights": [
                    [
                        [
                            0.2806113064289093,
                            -0.34690582752227783,
                            -0.7206560373306274,
                            0.3881235122680664
                        ],
                        [
                            -0.22651879489421844,
                            -0.41679707169532776,
                            0.27984699606895447,
                            0.28921744227409363
                        ],
                        [
                            0.539980947971344,
                            -0.9339073300361633,
                            0.7328342199325562,
                            0.63411545753479
                        ],
                        [
                            -0.2620283365249634,
                            -0.5082749128341675,
                            0.21107250452041626,
                            0.3519575297832489
                        ],
                        [
                            0.8874722123146057,
                            -0.3392760753631592,
                            -1.7182048559188843,
                            -0.13702301681041718
                        ]
                    ],
                    [
                        -0.0001411342527717352,
                        0.0037334798835217953,
                        0.0010314993560314178,
                        -0.003061286173760891
                    ]
                ]
            },
            {
                "type": "dense",
                "activation": "tanh",
                "shape": [
                    null,
                    4
                ],
                "weights": [
                    [
                        [
                            -0.3338238298892975,
                            -0.41405215859413147,
                            0.3360728919506073,
                            -0.6004093289375305
                        ],
                        [
                            -0.18855725228786469,
                            0.3389497697353363,
                            -0.8060624599456787,
                            0.1733284741640091
                        ],
                        [
                            -0.023676900193095207,
                            0.3702384829521179,
                            -0.7288719415664673,
                            -0.7289503216743469
                        ],
                        [
                            0.47913336753845215,
                            -0.5176651477813721,
                            -0.22315476834774017,
                            -0.8865627646446228
                        ]
                    ],
                    [
                        0.001994489226490259,
                        3.040921399133367e-07,
                        -6.508488149847835e-05,
                        -0.001719414023682475
                    ]
                ]
            },
            {
                "type": "dense",
                "activation": "",
                "shape": [
                    null,
                    1
                ],
                "weights": [
                    [
                        [
                            0.050741445273160934
                        ],
                        [
                            -0.6921287178993225
                        ],
                        [
                            -0.7995570302009583
                        ],
                        [
                            -0.026185913011431694
                        ]
                    ],
                    [
                        -0.0002261677145725116
                    ]
                ]
            }
        ]
    }
}