{
    "in_shape": [
        null,
        null,
        1
    ],
    "layers": [
        {
            "type": "dense",
            "activation": "tanh",
            "shape": [
                null,
                null,
                8
            ],
            "weights": [
                [
                    [
                        -0.048934049904346466,
                        0.09212153404951096,
                        -0.009590315632522106,
                        0.009134598076343536,
                        0.07253085821866989,
                        -0.10676459223031998,
                        -0.10579166561365128,
                        0.03801506385207176
                    ]
                ],
                [
                    -0.01735738106071949,
                    0.011637927033007145,
                    0.012490088120102882,
                    -0.029177222400903702,
                    0.06513386964797974,
                    -0.06429528445005417,
                    0.009531720541417599,
                    -0.0022431013640016317
                ]
            ]
        },
        {
            "type": "conv1d",
            "activation": "tanh",
            "shape": [
                null,
                null,
                4
            ],
            "weights": [
                [
                    [
                        [
                            -0.32828572392463684,
                            0.2557332515716553,
                            -0.035946398973464966,
                            0.3991197347640991
                        ],
                        [
                            -0.30742743611335754,
                            0.30409109592437744,
                            0.1272154450416565,
                            0.24002444744110107
                        ],
                        [
                            -0.2592817544937134,
                            0.3230626583099365,
                            0.028045713901519775,
                            0.1805770993232727
                        ],
                        [
                            0.19230157136917114,
                            0.2160738706588745,
                            -0.24007786810398102,
                            -0.38788390159606934
                        ],
                        [
                            0.13578295707702637,
                            -0.18379847705364227,
                            -0.3152478337287903,
                            0.2001909613609314
                        ],
                        [
                            -0.3377664387226105,
                            0.19740808010101318,
                            -0.3708850145339966,
                            -0.1935776323080063
                        ],
                        [
                            0.02032187581062317,
                            -0.23291155695915222,
                            0.15306860208511353,
                            0.1510838270187378
                        ],
                        [
                            -0.378801554441452,
                            -0.2366512268781662,
                            0.04130640625953674,
                            0.16403889656066895
                        ]
                    ],
                    [
                        [
                            -0.1602555364370346,
                            0.22218215465545654,
                            0.32192397117614746,
                            -0.2805575132369995
                        ],
                        [
                            -0.08135545253753662,
                            0.24123096466064453,
                            0.13373678922653198,
                            -0.22976922988891602
                        ],
                        [
                            0.27337098121643066,
                            0.09194636344909668,
                            -0.28698399662971497,
                            0.2830238342285156
                        ],
                        [
                            -0.2617487907409668,
                            0.26577693223953247,
                            0.2374730110168457,
                            0.2574213147163391
                        ],
                        [
                            0.4052581191062927,
                            -0.25951361656188965,
                            0.19755655527114868,
                            -0.3344016969203949
                        ],
                        [
                            -0.24325737357139587,
                            0.2734791040420532,
                            0.20405954122543335,
                            -0.30406033992767334
                        ],
                        [
                            -0.22027137875556946,
                            0.357357919216156,
                            -0.13380581140518188,
                            -0.23839719593524933
                        ],
                        [
                            -0.37317878007888794,
                            -0.2710094451904297,
                            0.3477051258087158,
                            -0.2724883258342743
                        ]
                    ],
                    [
                        [
                            -0.13982367515563965,
                            -0.3929581940174103,
                            -0.2788257598876953,
                            -0.3398151099681854
                        ],
                        [
                            0.3370867371559143,
                            0.17372870445251465,
                            -0.04324987530708313,
                            0.13948464393615723
                        ],
                        [
                            0.1854190230369568,
                            0.09484893083572388,
                            0.01978662610054016,
                            0.39278650283813477
                        ],
                        [
                            -0.26517388224601746,
                            0.3084654211997986,
                            0.2841724157333374,
                            0.3069651126861572
                        ],
                        [
                            -0.03950232267379761,
                            -0.3270903527736664,
                            0.18901032209396362,
                            -0.28159722685813904
                        ],
                        [
                            0.12725025415420532,
                            -0.1028498113155365,
                            0.2784963846206665,
                            -0.09965267777442932
                        ],
                        [
                            0.09544968605041504,
                            -0.3818044066429138,
                            0.214283287525177,
                            0.025991857051849365
                        ],
                        [
                            -0.24982090294361115,
                            -0.21353420615196228,
                            -0.4008474051952362,
                            -0.07264775037765503
                        ]
                    ]
                ],
                [
                    0.006144640501588583,
                    0.011874805204570293,
                    0.0780884400010109,
                    0.06529472023248672
                ]
            ],
            "kernel_size": [
                3
            ],
            "dilation": [
                2
            ]
        },
        {
            "type": "gru",
            "activation": "tanh",
            "shape": [
                null,
                null,
                8
            ],
            "weights": [
                [
                    [
                        0.43078315258026123,
                        0.290818452835083,
                        -0.29414278268814087,
                        -0.22802792489528656,
                        -0.34120863676071167,
                        0.46150773763656616,
                        -0.4480624794960022,
                        -0.278023898601532,
                        0.3234316110610962,
                        -0.38963043689727783,
                        -0.1314885914325714,
                        0.1221727728843689,
                        -0.2133713960647583,
                        0.21617722511291504,
                        -0.24005234241485596,
                        0.19954460859298706,
                        0.1599695086479187,
                        -0.15858420729637146,
                        0.34198492765426636,
                        0.11842775344848633,
                        0.2994229197502136,
                        -0.41922616958618164,
                        -0.16118907928466797,
                        0.02578336000442505
                    ],
                    [
                        0.2974473834037781,
                        0.16404801607131958,
                        -0.0246354341506958,
                        0.24463826417922974,
                        0.02484908699989319,
                        -0.15926727652549744,
                        -0.3633272647857666,
                        0.44370728731155396,
                        -0.3680213689804077,
                        0.4452992081642151,
                        0.3627912998199463,
                        -0.0024449527263641357,
                        0.0034987330436706543,
                        -0.3425072133541107,
                        0.4603918194770813,
                        0.40753471851348877,
                        0.24727129936218262,
                        0.04068601131439209,
                        0.13594621419906616,
                        -0.2792017161846161,
                        0.4206228256225586,
                        0.270601749420166,
                        -0.3598586618900299,
                        -0.3737632930278778
                    ],
                    [
                        -0.17177408933639526,
                        0.22970229387283325,
                        -0.26993072032928467,
                        -0.07938829064369202,
                        0.41209840774536133,
                        0.2803346514701843,
                        -0.1276150643825531,
                        -0.29540979862213135,
                        0.29270845651626587,
                        -0.010031640529632568,
                        0.11352217197418213,
                        0.15919345617294312,
                        0.4308208227157593,
                        -0.3209490180015564,
                        0.29480355978012085,
                        -0.21490360796451569,
                        0.23018258810043335,
                        0.29297953844070435,
                        0.20355409383773804,
                        0.31003034114837646,
                        0.12444335222244263,
                        0.03163430094718933,
                        -0.2350473403930664,
                        0.4618607759475708
                    ],
                    [
                        0.20698517560958862,
                        -0.05111607909202576,
                        0.13971388339996338,
                        0.38045215606689453,
                        -0.28242960572242737,
                        -0.28238457441329956,
                        -0.12469157576560974,
                        -0.032058894634246826,
                        -0.28378379344940186,
                        0.2560425400733948,
                        0.09413027763366699,
                        0.01577809453010559,
                        0.26971739530563354,
                        0.4341801404953003,
                        0.43932288885116577,
                        0.3847096562385559,
                        0.18389761447906494,
                        0.1545688509941101,
                        -0.4315193295478821,
                        0.17092448472976685,
                        -0.16306695342063904,
                        0.17980092763900757,
                        -0.21666085720062256,
                        0.07815694808959961
                    ]
                ],
                [
                    [
                        0.10695385932922363,
                        -0.21576116979122162,
                        -0.17417897284030914,
                        0.2543959319591522,
                        -0.049753136932849884,
                        0.15759660303592682,
                        -0.3709772527217865,
                        0.06785950064659119,
                        0.3418043851852417,
                        -0.12772910296916962,
                        0.029928144067525864,
                        -0.3652174174785614,
                        -0.11253781616687775,
                        0.15197350084781647,
                        -0.18476854264736176,
                        0.04223321005702019,
                        -0.1286378800868988,
                        -0.4755934178829193,
                        0.22988229990005493,
                        -0.1504189372062683,
                        0.007975367829203606,
                        -0.06178335100412369,
                        0.1174827292561531,
                        -0.0491071417927742
                    ],
                    [
                        -0.1456226110458374,
                        0.19196125864982605,
                        -0.2746310532093048,
                        0.40284162759780884,
                        -0.10555537045001984,
                        0.2842923104763031,
                        0.09511767327785492,
                        -0.0831945613026619,
                        0.08134770393371582,
                        0.34027016162872314,
                        -0.02339135855436325,
                        -0.04260594770312309,
                        -0.08572917431592941,
                        0.026501715183258057,
                        0.21827955543994904,
                        -0.038968633860349655,
                        0.3401396572589874,
                        0.025729037821292877,
                        -0.24923090636730194,
                        -0.17774704098701477,
                        0.3832496404647827,
                        0.06496766209602356,
                        0.180483877658844,
                        0.143477663397789
                    ],
                    [
                        0.14210432767868042,
                        -0.21425138413906097,
                        0.03448101878166199,
                        0.17029349505901337,
                        -0.37959036231040955,
                        0.020130207762122154,
                        0.09452135115861893,
                        0.1593339443206787,
                        -0.013150420039892197,
                        0.2750701904296875,
                        -0.09421458095312119,
                        0.08561185002326965,
                        0.19593587517738342,
                        0.11665905267000198,
                        -0.10406247526407242,
                        -0.09659259021282196,
                        -0.35234835743904114,
                        0.055390406399965286,
                        -0.008622473105788231,
                        0.30419421195983887,
                        0.40289291739463806,
                        -0.3138047158718109,
                        -0.2697872519493103,
                        -0.08537935465574265
                    ],
                    [
                        0.12051576375961304,
                        -0.11627469211816788,
                        -0.04036117345094681,
                        -0.09368174523115158,
                        -0.011088063940405846,
                        0.14572714269161224,
                        -0.1730182021856308,
                        -0.33172181248664856,
                        -0.4034786820411682,
                        0.24821370840072632,
                        0.1664472222328186,
                        -0.1073249951004982,
                        0.022590456530451775,
                        0.02788309007883072,
                        -0.12918804585933685,
                        0.11311523616313934,
                        -0.05959562212228775,
                        0.07782362401485443,
                        -0.1021227017045021,
                        -0.48697638511657715,
                        -0.15743692219257355,
                        -0.3825376629829407,
                        -0.21738924086093903,
                        0.17393489181995392
                    ],
                    [
                        0.029554540291428566,
                        -0.1451728641986847,
                        -0.07561112195253372,
                        -0.007351879961788654,
                        0.16759493947029114,
                        0.10202650725841522,
                        -0.16487281024456024,
                        0.41109710931777954,
                        -0.037974268198013306,
                        0.19794975221157074,
                        0.14967697858810425,
                        0.44339028000831604,
                        -0.06992587447166443,
                        -0.35317596793174744,
                        0.2514551281929016,
                        -0.11779472231864929,
                        -0.29692256450653076,
                        -0.16421566903591156,
                        -0.03538148105144501,
                        -0.32894983887672424,
                        0.018281955271959305,
                        0.16576246917247772,
                        -0.031764525920152664,
                        -0.1335533857345581
                    ],
                    [
                        -0.2834736704826355,
                        -0.08448575437068939,
                        0.24118615686893463,
                        -0.02806852012872696,
                        -0.1012011393904686,
                        0.14991602301597595,
                        0.2601734399795532,
                        0.21714214980602264,
                        0.07972870022058487,
                        0.3628038763999939,
                        0.06693107634782791,
                        -0.2054968923330307,
                        -0.10052202641963959,
                        0.05027702450752258,
                        -0.20791414380073547,
                        0.22966226935386658,
                        -0.2845357060432434,
                        0.11035412549972534,
                        -0.18941166996955872,
                        -0.008048664778470993,
                        -0.3210722804069519,
                        0.037332601845264435,
                        0.4177820384502411,
                        -0.06773755699396133
                    ],
                    [
                        -0.1329338401556015,
                        -0.18759679794311523,
                        0.32456251978874207,
                        0.12358344346284866,
                        -0.18010517954826355,
                        -0.2772730588912964,
                        -0.14485716819763184,
                        0.16589026153087616,
                        -0.01833401434123516,
                        0.08192695677280426,
                        0.03773026168346405,
                        -0.2145913541316986,
                        0.1592719852924347,
                        0.2697567641735077,
                        0.34652844071388245,
                        0.23982985317707062,
                        0.1347879022359848,
                        0.17502769827842712,
                        0.17889747023582458,
                        -0.28504231572151184,
                        0.060456376522779465,
                        0.3287273943424225,
                        -0.24967607855796814,
                        -0.04829401522874832
                    ],
                    [
                        -0.4210032522678375,
                        -0.28347083926200867,
                        -0.19630184769630432,
                        -0.17876407504081726,
                        0.0941169410943985,
                        -0.31158798933029175,
                        0.12737341225147247,
                        -0.06219441443681717,
                        0.1726027876138687,
                        0.23856180906295776,
                        0.16137009859085083,
                        0.1635131984949112,
                        -0.20368102192878723,
                        0.06233198568224907,
                        0.1192236840724945,
                        0.0711541399359703,
                        0.07234650105237961,
                        -0.18602974712848663,
                        0.2787780165672302,
                        0.13377954065799713,
                        0.021378103643655777,
                        -0.23726783692836761,
                        -0.04866941645741463,
                        0.3836231231689453
                    ]
                ],
                [
                    [
                        0.02829894982278347,
                        -0.013350858353078365,
                        -0.04108823463320732,
                        0.0344056598842144,
                        -0.07021715492010117,
                        -0.05233653262257576,
                        -0.0680941566824913,
                        -0.021544113755226135,
                        0.04471820220351219,
                        -0.00035602334537543356,
                        0.02894122339785099,
                        -0.023899974301457405,
                        0.02719028852880001,
                        -0.060605257749557495,
                        -0.03320525214076042,
                        0.021428704261779785,
                        0.02680612914264202,
                        0.021890437230467796,
                        -0.03513230010867119,
                        -0.05370086058974266,
                        -0.11649512499570847,
                        -0.006001502741128206,
                        0.007153085898607969,
                        0.09528215229511261
                    ],
                    [
                        0.02578912116587162,
                        0.02058420702815056,
                        0.056235071271657944,
                        0.004921737592667341,
                        -0.0007579936645925045,
                        0.019122855737805367,
                        0.08714618533849716,
                        -0.024678587913513184,
                        0.022693101316690445,
                        -0.05902138352394104,
                        -0.06345945596694946,
                        0.06542961299419403,
                        -0.1026538833975792,
                        0.07044011354446411,
                        -0.07011615484952927,
                        0.027142858132719994,
                        -0.0158058013767004,
                        -0.01569822058081627,
                        -0.010588175617158413,
                        0.07363066077232361,
                        -0.01892106607556343,
                        -0.06204032897949219,
                        0.02433541603386402,
                        0.016746658831834793
                    ]
                ]
            ]
        },
        {
            "type": "dense",
            "activation": "",
            "shape": [
                null,
                null,
                1
            ],
            "weights": [
                [
                    [
                        0.5104361772537231
                    ],
                    [
                        -0.3606824278831482
                    ],
                    [
                        0.2860349118709564
                    ],
                    [
                        -0.5135205984115601
                    ],
                    [
                        0.108529232442379
                    ],
                    [
                        0.24175424873828888
                    ],
                    [
                        0.3079487681388855
                    ],
                    [
                        0.3143048882484436
                    ]
                ],
                [
                    -0.014322640374302864
                ]
            ]
        }
    ]
}